id_pdv,mes,cmv,impostos,comissoes
PDV001,2024-07-01,529908.64,105447.26,40707.15
PDV001,2024-08-01,506509.8,103728.65,46260.69
PDV001,2024-09-01,511694.57,110335.18,51020.87
PDV001,2024-10-01,588081.53,118329.76,55598.1
PDV001,2024-11-01,591042.42,116994.65,62783.83
PDV001,2024-12-01,704180.69,136110.37,71522.57
PDV001,2025-01-01,514959.93,104810.85,41043.44
PDV001,2025-02-01,549553.42,113604.0,41195.44
PDV001,2025-03-01,556615.02,110083.49,53037.2
PDV001,2025-04-01,588776.84,119079.35,55889.64
PDV001,2025-05-01,513957.93,106023.27,50500.15
PDV001,2025-06-01,628102.51,119174.5,55193.73
PDV001,2025-07-01,523248.35,106297.91,54661.38
PDV001,2025-08-01,615076.63,121066.2,47050.37
PDV001,2025-09-01,631385.75,119291.74,52643.68
PDV001,2025-10-01,596657.57,125488.36,57094.1
PDV001,2025-11-01,694746.63,131653.93,50948.01
PDV001,2025-12-01,819154.46,166546.8,71155.7
PDV002,2024-07-01,185052.26,36166.63,25497.1
PDV002,2024-08-01,188958.23,38495.55,21392.42
PDV002,2024-09-01,195421.19,36970.06,24780.82
PDV002,2024-10-01,198074.48,33702.77,19899.73
PDV002,2024-11-01,213847.68,43814.54,24784.32
PDV002,2024-12-01,236308.89,47213.51,24315.31
PDV002,2025-01-01,175385.67,32360.55,22700.45
PDV002,2025-02-01,197087.2,41039.61,26920.25
PDV002,2025-03-01,205903.39,39573.67,26264.42
PDV002,2025-04-01,193334.47,36757.05,18599.48
PDV002,2025-05-01,197706.84,43108.22,20066.97
PDV002,2025-06-01,198529.0,36223.89,23909.87
PDV002,2025-07-01,208515.14,39571.45,26670.19
PDV002,2025-08-01,186904.6,37757.56,17366.8
PDV002,2025-09-01,205324.4,39670.36,22819.83
PDV002,2025-10-01,214245.58,40396.61,22261.59
PDV002,2025-11-01,222030.98,42778.11,21668.48
PDV002,2025-12-01,272773.59,54239.33,26791.79
PDV003,2024-07-01,242045.99,35891.51,13197.56
PDV003,2024-08-01,255989.12,42473.37,16323.32
PDV003,2024-09-01,241883.83,36769.18,23363.03
PDV003,2024-10-01,284169.83,45921.92,27482.73
PDV003,2024-11-01,275520.54,39634.35,20559.61
PDV003,2024-12-01,352244.6,53124.13,25843.45
PDV003,2025-01-01,223461.08,36194.57,21269.72
PDV003,2025-02-01,208082.64,33900.12,14609.61
PDV003,2025-03-01,277400.48,52900.81,23680.87
PDV003,2025-04-01,251509.82,44420.9,17344.92
PDV003,2025-05-01,252434.97,43718.28,20010.37
PDV003,2025-06-01,268159.78,45399.78,24907.26
PDV003,2025-07-01,281922.87,47981.92,17169.91
PDV003,2025-08-01,247756.65,41858.16,20894.94
PDV003,2025-09-01,244445.29,39793.73,24169.34
PDV003,2025-10-01,291987.19,48428.81,26144.98
PDV003,2025-11-01,247830.96,39558.66,22163.18
PDV003,2025-12-01,354635.78,58531.75,27710.97
PDV004,2024-07-01,571133.9,132680.08,73954.89
PDV004,2024-08-01,524642.57,115540.59,60264.94
PDV004,2024-09-01,473199.18,104399.34,51660.57
PDV004,2024-10-01,525584.14,120250.24,59064.04
PDV004,2024-11-01,619762.32,136842.28,63903.54
PDV004,2024-12-01,805115.66,175065.07,91356.55
PDV004,2025-01-01,487836.36,105156.49,52320.75
PDV004,2025-02-01,530222.7,120968.07,60422.67
PDV004,2025-03-01,561371.7,133718.59,73959.56
PDV004,2025-04-01,553763.74,132731.45,68740.85
PDV004,2025-05-01,598816.11,132424.77,62170.25
PDV004,2025-06-01,600136.53,129079.11,73685.28
PDV004,2025-07-01,620279.68,134924.35,75959.6
PDV004,2025-08-01,627125.47,137750.96,70662.87
PDV004,2025-09-01,572530.63,122999.05,64292.54
PDV004,2025-10-01,617697.43,140633.0,74496.47
PDV004,2025-11-01,763179.7,157734.9,72904.7
PDV004,2025-12-01,878579.97,196979.88,93543.53
PDV005,2024-07-01,269540.88,66423.26,26288.69
PDV005,2024-08-01,221951.13,58664.1,25792.5
PDV005,2024-09-01,262041.42,59850.45,22495.49
PDV005,2024-10-01,275851.15,63989.48,30897.58
PDV005,2024-11-01,308545.25,72565.29,26475.51
PDV005,2024-12-01,296823.01,78429.55,31594.5
PDV005,2025-01-01,250587.56,64600.7,21117.14
PDV005,2025-02-01,257254.17,64403.88,26894.59
PDV005,2025-03-01,306621.85,76983.25,29873.95
PDV005,2025-04-01,297817.73,77557.0,28109.36
PDV005,2025-05-01,295929.88,78504.67,32710.86
PDV005,2025-06-01,335021.33,81623.18,15138.53
PDV005,2025-07-01,296404.82,73948.17,18582.24
PDV005,2025-08-01,313317.46,74452.23,30088.16
PDV005,2025-09-01,331242.98,77149.95,27507.22
PDV005,2025-10-01,350336.16,82536.01,23462.76
PDV005,2025-11-01,354401.67,86562.27,43532.84
PDV005,2025-12-01,447842.85,116863.27,41908.71
PDV006,2024-07-01,169043.69,43433.37,15985.85
PDV006,2024-08-01,159263.73,35687.2,16063.02
PDV006,2024-09-01,174469.85,43207.21,14508.88
PDV006,2024-10-01,143913.12,36901.73,18283.02
PDV006,2024-11-01,178659.18,43331.26,24293.06
PDV006,2024-12-01,188653.09,46044.44,20238.11
PDV006,2025-01-01,133590.67,31886.55,14065.38
PDV006,2025-02-01,138451.36,34980.69,11292.27
PDV006,2025-03-01,139172.27,31883.47,12963.83
PDV006,2025-04-01,149568.88,32638.09,15335.46
PDV006,2025-05-01,159266.04,42954.93,13695.74
PDV006,2025-06-01,152120.09,38153.03,14217.01
PDV006,2025-07-01,165190.77,35009.94,19302.93
PDV006,2025-08-01,163510.64,36903.21,18948.24
PDV006,2025-09-01,152492.64,37301.05,15421.43
PDV006,2025-10-01,150677.59,36183.43,16222.18
PDV006,2025-11-01,155710.74,35988.1,18237.8
PDV006,2025-12-01,167117.36,41357.05,20869.97
PDV007,2024-07-01,122753.99,25726.12,10548.06
PDV007,2024-08-01,115379.89,24710.79,7347.01
PDV007,2024-09-01,139011.04,26721.68,8126.76
PDV007,2024-10-01,134369.58,31751.47,11893.47
PDV007,2024-11-01,119695.65,25409.71,5452.83
PDV007,2024-12-01,145911.16,29892.04,10224.36
PDV007,2025-01-01,103913.93,23191.06,7658.44
PDV007,2025-02-01,114155.19,25181.2,9551.04
PDV007,2025-03-01,116868.57,26431.26,6697.62
PDV007,2025-04-01,106509.5,22748.65,7087.37
PDV007,2025-05-01,119483.02,24366.55,8305.37
PDV007,2025-06-01,113646.98,25398.7,9937.64
PDV007,2025-07-01,121649.5,26212.76,7003.51
PDV007,2025-08-01,109235.96,22013.25,8379.29
PDV007,2025-09-01,93844.43,20584.37,8650.02
PDV007,2025-10-01,115861.83,24335.22,5131.0
PDV007,2025-11-01,123541.81,23654.5,4916.11
PDV007,2025-12-01,139815.51,27012.77,11409.3
PDV008,2024-07-01,202621.62,49168.36,18698.39
PDV008,2024-08-01,183776.52,44523.39,18070.18
PDV008,2024-09-01,165030.27,43140.89,17617.16
PDV008,2024-10-01,184936.98,42250.14,17769.13
PDV008,2024-11-01,205872.84,49915.52,21823.09
PDV008,2024-12-01,215030.83,51478.58,20180.77
PDV008,2025-01-01,158191.19,36237.18,11888.73
PDV008,2025-02-01,160404.01,35880.5,15177.35
PDV008,2025-03-01,173884.64,41756.2,15673.11
PDV008,2025-04-01,176247.95,39057.57,20984.92
PDV008,2025-05-01,168177.15,40584.79,17816.77
PDV008,2025-06-01,189661.39,45011.61,18363.44
PDV008,2025-07-01,187628.43,46263.5,18399.64
PDV008,2025-08-01,176969.5,41847.67,18448.41
PDV008,2025-09-01,173108.98,40940.88,17128.68
PDV008,2025-10-01,175676.66,42797.37,17799.47
PDV008,2025-11-01,212334.34,48992.53,20926.59
PDV008,2025-12-01,217245.66,52258.2,22465.23
PDV009,2024-07-01,363171.02,68120.66,40502.57
PDV009,2024-08-01,291947.76,53865.5,37131.31
PDV009,2024-09-01,331630.12,58888.23,37499.32
PDV009,2024-10-01,342378.1,60373.44,36533.49
PDV009,2024-11-01,394418.68,74757.57,48203.23
PDV009,2024-12-01,411172.69,86962.35,51652.5
PDV009,2025-01-01,286728.83,53336.49,35051.8
PDV009,2025-02-01,276232.73,55843.68,35747.46
PDV009,2025-03-01,306348.17,59476.44,32114.5
PDV009,2025-04-01,262234.04,52282.71,27758.14
PDV009,2025-05-01,285257.01,58915.55,36561.92
PDV009,2025-06-01,306080.71,59980.04,40922.58
PDV009,2025-07-01,317468.54,58895.9,28350.01
PDV009,2025-08-01,273390.19,51862.92,32892.68
PDV009,2025-09-01,253798.11,51633.98,27251.41
PDV009,2025-10-01,293258.96,63041.89,31427.08
PDV009,2025-11-01,329963.21,61533.02,32948.55
PDV009,2025-12-01,415034.99,85994.65,51587.93
PDV010,2024-07-01,199085.85,30491.38,13001.04
PDV010,2024-08-01,184086.56,30805.8,12857.56
PDV010,2024-09-01,179117.73,32528.21,12185.24
PDV010,2024-10-01,202937.53,33843.69,12766.44
PDV010,2024-11-01,186950.83,31682.02,10810.93
PDV010,2024-12-01,237355.41,41875.23,15995.37
PDV010,2025-01-01,148980.86,25205.97,5892.26
PDV010,2025-02-01,173833.87,27720.24,11039.11
PDV010,2025-03-01,170880.52,32399.84,13726.6
PDV010,2025-04-01,183541.14,36304.85,12788.66
PDV010,2025-05-01,183561.87,33671.55,9652.74
PDV010,2025-06-01,167542.98,30488.04,9094.33
PDV010,2025-07-01,208914.8,36349.24,10842.24
PDV010,2025-08-01,170469.36,28573.24,13842.63
PDV010,2025-09-01,181972.54,30454.47,12015.88
PDV010,2025-10-01,180100.08,31317.38,10074.93
PDV010,2025-11-01,193643.31,32116.4,13953.63
PDV010,2025-12-01,199965.38,37620.53,14877.1
PDV011,2024-07-01,340592.85,88569.31,14620.78
PDV011,2024-08-01,270076.61,67612.19,16311.82
PDV011,2024-09-01,294559.9,69509.71,17935.59
PDV011,2024-10-01,347139.45,81477.44,15127.48
PDV011,2024-11-01,376476.45,93142.17,22488.85
PDV011,2024-12-01,430596.41,106371.89,27468.59
PDV011,2025-01-01,303506.27,71955.25,18364.72
PDV011,2025-02-01,287260.7,70506.8,16832.5
PDV011,2025-03-01,333174.51,82041.83,29149.53
PDV011,2025-04-01,334370.01,86493.95,21797.03
PDV011,2025-05-01,333018.37,87866.03,27298.15
PDV011,2025-06-01,360953.58,78772.19,16372.73
PDV011,2025-07-01,325676.96,81626.92,18341.23
PDV011,2025-08-01,351654.03,84739.47,24794.3
PDV011,2025-09-01,359472.61,84631.97,20850.68
PDV011,2025-10-01,355421.13,89319.74,29527.31
PDV011,2025-11-01,410508.34,103990.46,23586.7
PDV011,2025-12-01,443864.74,106409.73,26199.59
PDV012,2024-07-01,353984.25,73453.28,35926.05
PDV012,2024-08-01,335227.6,68989.78,35579.7
PDV012,2024-09-01,349945.85,83840.27,31562.5
PDV012,2024-10-01,361355.36,72823.06,38910.51
PDV012,2024-11-01,366522.38,72221.99,29864.64
PDV012,2024-12-01,398950.93,89029.12,32845.39
PDV012,2025-01-01,322776.36,71576.69,29792.46
PDV012,2025-02-01,318817.34,68629.64,28368.86
PDV012,2025-03-01,342816.62,78747.12,34067.49
PDV012,2025-04-01,373527.86,79018.4,33526.35
PDV012,2025-05-01,358370.79,84454.03,32465.94
PDV012,2025-06-01,378919.14,81995.11,38166.15
PDV012,2025-07-01,364512.18,81199.94,36683.18
PDV012,2025-08-01,364317.1,76387.15,40094.73
PDV012,2025-09-01,379289.72,80536.19,42494.94
PDV012,2025-10-01,447805.86,98727.84,45992.37
PDV012,2025-11-01,439325.6,93591.41,44487.27
PDV012,2025-12-01,478511.26,102969.24,43237.79
PDV013,2024-07-01,334442.6,72667.12,41636.74
PDV013,2024-08-01,271837.4,61515.37,31266.43
PDV013,2024-09-01,342777.41,73611.99,42852.83
PDV013,2024-10-01,353310.18,76869.88,44655.0
PDV013,2024-11-01,346579.33,83219.23,27761.75
PDV013,2024-12-01,346319.0,82399.34,40006.68
PDV013,2025-01-01,305353.78,72377.49,33075.08
PDV013,2025-02-01,347491.97,90121.45,40794.88
PDV013,2025-03-01,340573.49,77074.33,43917.99
PDV013,2025-04-01,348618.99,81744.73,39859.37
PDV013,2025-05-01,332216.49,76586.86,30272.49
PDV013,2025-06-01,336203.92,81961.14,38941.06
PDV013,2025-07-01,355120.38,82405.73,38997.39
PDV013,2025-08-01,338492.46,84908.44,35385.91
PDV013,2025-09-01,322425.13,75902.5,32524.96
PDV013,2025-10-01,350792.07,79848.93,38065.57
PDV013,2025-11-01,425821.7,98492.88,54273.55
PDV013,2025-12-01,458339.15,99936.55,55136.61
PDV014,2024-07-01,102122.36,17336.37,3849.1
PDV014,2024-08-01,98417.68,18697.16,3524.42
PDV014,2024-09-01,107214.59,18965.91,5341.09
PDV014,2024-10-01,110796.16,21286.38,6771.62
PDV014,2024-11-01,118040.09,20772.39,5666.67
PDV014,2024-12-01,120507.0,19502.17,4127.68
PDV014,2025-01-01,94507.51,17284.23,5531.65
PDV014,2025-02-01,103571.36,16088.17,6481.16
PDV014,2025-03-01,103256.06,18269.57,3821.51
PDV014,2025-04-01,100444.75,18290.4,3682.38
PDV014,2025-05-01,112332.09,21502.13,8417.69
PDV014,2025-06-01,140189.23,24032.44,8482.02
PDV014,2025-07-01,115268.64,18997.68,6401.1
PDV014,2025-08-01,114861.69,20876.74,7622.52
PDV014,2025-09-01,102277.66,17475.96,5096.71
PDV014,2025-10-01,135669.85,23498.86,10248.92
PDV014,2025-11-01,123891.26,23170.52,7646.25
PDV014,2025-12-01,157149.25,27664.73,7373.64
PDV015,2024-07-01,548264.38,132456.64,41344.06
PDV015,2024-08-01,554107.56,137962.62,43847.46
PDV015,2024-09-01,586810.89,139919.71,37028.11
PDV015,2024-10-01,631881.46,145575.79,52711.92
PDV015,2024-11-01,527293.63,132267.2,43576.74
PDV015,2024-12-01,684418.84,168842.78,56059.5
PDV015,2025-01-01,432561.85,107346.26,31206.94
PDV015,2025-02-01,453058.82,107737.0,28946.26
PDV015,2025-03-01,491764.8,118013.72,32836.93
PDV015,2025-04-01,522004.24,126871.37,42071.64
PDV015,2025-05-01,539444.43,130078.94,36370.66
PDV015,2025-06-01,607082.29,140898.43,31358.35
PDV015,2025-07-01,535730.19,115683.2,28596.14
PDV015,2025-08-01,430122.83,109533.21,23548.81
PDV015,2025-09-01,444497.43,104566.36,23444.63
PDV015,2025-10-01,505511.54,127068.34,25912.28
PDV015,2025-11-01,515467.37,124663.13,31748.71
PDV015,2025-12-01,637937.08,156261.5,37249.83
PDV016,2024-07-01,215182.9,49050.41,21062.93
PDV016,2024-08-01,203364.49,43886.43,12221.36
PDV016,2024-09-01,228604.31,50577.31,14188.01
PDV016,2024-10-01,225958.01,48008.8,20611.51
PDV016,2024-11-01,270894.16,57289.33,25341.99
PDV016,2024-12-01,298842.89,67683.74,18357.34
PDV016,2025-01-01,188705.93,40006.29,15152.04
PDV016,2025-02-01,189899.54,41460.59,14728.86
PDV016,2025-03-01,236130.09,53611.59,22124.25
PDV016,2025-04-01,204301.06,49161.57,13053.72
PDV016,2025-05-01,230985.03,49571.33,13186.83
PDV016,2025-06-01,227733.28,49766.7,19553.48
PDV016,2025-07-01,269572.62,57451.31,23005.85
PDV016,2025-08-01,240939.26,52551.34,21885.64
PDV016,2025-09-01,217045.12,45829.99,18024.43
PDV016,2025-10-01,274702.29,66664.41,23456.31
PDV016,2025-11-01,234192.62,53819.62,20321.59
PDV016,2025-12-01,293175.79,65923.34,15082.61
PDV017,2024-07-01,449206.54,94249.01,29883.97
PDV017,2024-08-01,475052.77,114634.73,29717.15
PDV017,2024-09-01,494842.6,110540.31,26125.2
PDV017,2024-10-01,469810.92,108630.13,33227.75
PDV017,2024-11-01,449697.74,113079.09,44032.85
PDV017,2024-12-01,595427.09,123456.64,31714.48
PDV017,2025-01-01,452882.4,95618.05,27881.7
PDV017,2025-02-01,472806.57,102164.39,27667.51
PDV017,2025-03-01,499180.13,94644.23,36718.47
PDV017,2025-04-01,552157.37,111819.09,39171.17
PDV017,2025-05-01,540452.41,112207.18,38039.04
PDV017,2025-06-01,512444.4,126082.83,42749.46
PDV017,2025-07-01,561770.7,126118.47,35424.62
PDV017,2025-08-01,543307.08,120234.6,22310.23
PDV017,2025-09-01,551936.24,128475.32,24867.64
PDV017,2025-10-01,579780.0,134268.67,37690.0
PDV017,2025-11-01,662408.14,137655.31,43261.26
PDV017,2025-12-01,721228.99,158439.23,34004.1
PDV018,2024-07-01,175630.17,37557.44,17897.96
PDV018,2024-08-01,183856.97,36961.44,16198.33
PDV018,2024-09-01,187884.51,38260.2,17512.54
PDV018,2024-10-01,188539.38,37905.37,15828.71
PDV018,2024-11-01,207512.99,46009.85,21190.14
PDV018,2024-12-01,250591.77,50546.74,18627.16
PDV018,2025-01-01,170520.21,34456.94,18641.08
PDV018,2025-02-01,192131.49,41008.88,18221.37
PDV018,2025-03-01,210246.01,43337.55,21048.12
PDV018,2025-04-01,177212.92,35555.46,19291.33
PDV018,2025-05-01,214917.28,46122.07,19147.05
PDV018,2025-06-01,240970.25,50105.18,21013.85
PDV018,2025-07-01,238605.51,44783.74,20381.02
PDV018,2025-08-01,223651.0,46624.82,21392.22
PDV018,2025-09-01,187751.23,39830.08,15393.32
PDV018,2025-10-01,240365.65,47329.48,22704.55
PDV018,2025-11-01,248282.89,47915.11,22511.36
PDV018,2025-12-01,269076.3,54464.94,25361.67
PDV019,2024-07-01,168162.71,35665.41,8988.37
PDV019,2024-08-01,146648.95,32259.46,14021.08
PDV019,2024-09-01,145354.01,30860.76,11529.2
PDV019,2024-10-01,158066.34,34545.99,11670.82
PDV019,2024-11-01,165665.54,33884.59,15587.28
PDV019,2024-12-01,209642.84,43909.75,18082.79
PDV019,2025-01-01,137772.45,30533.16,9808.55
PDV019,2025-02-01,148982.04,36750.78,11913.68
PDV019,2025-03-01,160577.7,33952.91,9406.71
PDV019,2025-04-01,165830.49,34809.84,12940.29
PDV019,2025-05-01,145299.35,31698.78,8064.06
PDV019,2025-06-01,161436.97,35192.62,12497.75
PDV019,2025-07-01,177039.21,35546.73,11647.05
PDV019,2025-08-01,163019.72,34370.19,9537.14
PDV019,2025-09-01,155649.19,33218.22,11112.14
PDV019,2025-10-01,148784.32,33434.29,12456.24
PDV019,2025-11-01,200934.66,44429.06,15213.13
PDV019,2025-12-01,203941.81,47082.44,15861.72
PDV020,2024-07-01,248582.42,59618.76,26944.16
PDV020,2024-08-01,213543.8,48981.34,18442.82
PDV020,2024-09-01,204157.58,46246.5,19816.26
PDV020,2024-10-01,215391.82,48134.23,22338.14
PDV020,2024-11-01,255365.09,58443.39,21908.72
PDV020,2024-12-01,295008.22,66124.34,25031.8
PDV020,2025-01-01,189171.49,43398.96,19824.47
PDV020,2025-02-01,206616.45,49138.04,17811.66
PDV020,2025-03-01,231389.78,55862.75,19534.59
PDV020,2025-04-01,229601.18,54252.15,15550.67
PDV020,2025-05-01,251795.83,60243.66,21446.11
PDV020,2025-06-01,224248.96,52425.89,17136.01
PDV020,2025-07-01,257285.22,59628.17,21607.98
PDV020,2025-08-01,273720.77,61168.93,22784.11
PDV020,2025-09-01,261373.31,57466.11,24557.61
PDV020,2025-10-01,271431.62,66621.59,20002.14
PDV020,2025-11-01,293679.93,67230.54,30166.13
PDV020,2025-12-01,309691.78,76770.23,31105.12
PDV021,2024-07-01,320692.12,87585.12,50094.17
PDV021,2024-08-01,248929.43,64666.92,36425.08
PDV021,2024-09-01,291185.29,77714.75,33324.9
PDV021,2024-10-01,310337.71,90233.12,43008.42
PDV021,2024-11-01,349889.94,104776.3,55979.6
PDV021,2024-12-01,344984.04,95263.69,55335.79
PDV021,2025-01-01,267167.42,65241.26,39754.4
PDV021,2025-02-01,265775.29,69803.46,34656.02
PDV021,2025-03-01,302193.93,81118.31,45731.49
PDV021,2025-04-01,289348.28,73866.13,45522.32
PDV021,2025-05-01,283598.82,75901.38,49227.09
PDV021,2025-06-01,349694.71,92637.63,51162.51
PDV021,2025-07-01,308188.78,78140.65,46166.96
PDV021,2025-08-01,304480.77,73628.39,42972.68
PDV021,2025-09-01,289485.25,73271.91,39635.76
PDV021,2025-10-01,302711.4,80126.82,52590.35
PDV021,2025-11-01,374085.31,92512.32,56270.71
PDV021,2025-12-01,384739.12,106390.67,64617.06
PDV022,2024-07-01,466592.12,113639.89,23898.28
PDV022,2024-08-01,475315.54,106254.27,27209.93
PDV022,2024-09-01,426151.76,107774.13,37908.55
PDV022,2024-10-01,443168.79,101748.1,34223.16
PDV022,2024-11-01,439588.97,115486.73,29576.5
PDV022,2024-12-01,498892.73,117490.12,31400.61
PDV022,2025-01-01,357217.77,89624.7,32359.57
PDV022,2025-02-01,389827.72,96785.33,23653.34
PDV022,2025-03-01,431408.92,108447.08,22900.86
PDV022,2025-04-01,449459.98,112475.8,33175.05
PDV022,2025-05-01,424039.27,107975.32,31983.03
PDV022,2025-06-01,439249.27,109796.76,39334.94
PDV022,2025-07-01,480382.1,119896.7,35356.91
PDV022,2025-08-01,456169.41,113963.25,33607.78
PDV022,2025-09-01,441395.59,120468.09,31637.9
PDV022,2025-10-01,409976.06,115296.28,16963.95
PDV022,2025-11-01,484153.95,119879.48,19791.81
PDV022,2025-12-01,542942.87,140010.13,40406.04
PDV023,2024-07-01,305401.22,46827.08,35818.97
PDV023,2024-08-01,303373.31,49166.05,23367.3
PDV023,2024-09-01,288948.68,38518.69,28718.15
PDV023,2024-10-01,330325.06,51496.4,30473.96
PDV023,2024-11-01,327207.04,55940.12,24929.18
PDV023,2024-12-01,320749.58,54760.26,32439.19
PDV023,2025-01-01,231535.76,43482.87,21900.73
PDV023,2025-02-01,277278.22,46106.91,27262.53
PDV023,2025-03-01,314341.17,57514.09,35158.45
PDV023,2025-04-01,287859.64,44529.53,30593.31
PDV023,2025-05-01,343721.35,58520.64,31122.82
PDV023,2025-06-01,297744.33,55545.29,26979.52
PDV023,2025-07-01,321245.9,53501.57,31274.45
PDV023,2025-08-01,325786.62,48865.05,28111.88
PDV023,2025-09-01,290180.02,49461.72,33886.33
PDV023,2025-10-01,358572.67,61782.82,38235.05
PDV023,2025-11-01,388498.26,69313.0,41248.17
PDV023,2025-12-01,423875.13,66784.46,39776.97
PDV024,2024-07-01,423629.03,80721.51,26231.14
PDV024,2024-08-01,344571.14,71831.36,25371.28
PDV024,2024-09-01,398081.64,67962.85,37570.77
PDV024,2024-10-01,419328.66,79340.52,32570.71
PDV024,2024-11-01,472064.5,75711.55,40797.96
PDV024,2024-12-01,503086.22,103309.18,41778.02
PDV024,2025-01-01,332669.36,56674.94,29523.36
PDV024,2025-02-01,381258.99,75020.81,24714.76
PDV024,2025-03-01,431053.93,81690.87,38461.46
PDV024,2025-04-01,439856.85,80859.46,30994.94
PDV024,2025-05-01,415505.49,74308.08,28389.45
PDV024,2025-06-01,418816.27,79003.0,33641.33
PDV024,2025-07-01,434464.83,89139.07,40478.64
PDV024,2025-08-01,487075.21,89725.42,36558.19
PDV024,2025-09-01,442894.52,85105.94,32246.05
PDV024,2025-10-01,498986.0,87588.87,45582.35
PDV024,2025-11-01,495725.94,98670.12,51861.44
PDV024,2025-12-01,502348.34,92527.94,33981.45
PDV025,2024-07-01,348373.89,87309.68,38963.45
PDV025,2024-08-01,403334.27,89017.17,38761.94
PDV025,2024-09-01,387449.88,93008.37,38979.44
PDV025,2024-10-01,393971.75,99145.19,38243.0
PDV025,2024-11-01,436371.06,111390.14,40249.67
PDV025,2024-12-01,449192.34,117933.71,46384.23
PDV025,2025-01-01,342489.23,78426.39,34932.85
PDV025,2025-02-01,324791.83,83972.74,40061.01
PDV025,2025-03-01,385096.31,80728.29,41228.57
PDV025,2025-04-01,389702.28,91138.72,34860.28
PDV025,2025-05-01,389890.35,102186.25,28650.56
PDV025,2025-06-01,427782.57,101516.01,37858.54
PDV025,2025-07-01,405341.05,105384.5,42019.88
PDV025,2025-08-01,401067.18,91776.83,34352.75
PDV025,2025-09-01,407776.7,104167.62,46328.2
PDV025,2025-10-01,426001.39,116016.96,48880.19
PDV025,2025-11-01,445376.65,115943.36,38780.26
PDV025,2025-12-01,517139.64,117170.37,58185.85
PDV026,2024-07-01,463726.04,109202.45,24394.93
PDV026,2024-08-01,440802.22,99065.56,46774.75
PDV026,2024-09-01,431896.1,106651.36,46499.33
PDV026,2024-10-01,433431.39,96408.58,42396.17
PDV026,2024-11-01,527737.08,119533.59,46074.47
PDV026,2024-12-01,551392.38,123960.64,41958.11
PDV026,2025-01-01,384456.21,91510.25,35683.79
PDV026,2025-02-01,394791.07,86306.75,30491.24
PDV026,2025-03-01,450645.59,102819.54,39222.77
PDV026,2025-04-01,503471.5,104334.37,35010.1
PDV026,2025-05-01,401188.27,94713.15,37851.69
PDV026,2025-06-01,420854.97,103120.6,35856.02
PDV026,2025-07-01,520166.2,119774.04,49752.35
PDV026,2025-08-01,437875.99,96044.2,37970.42
PDV026,2025-09-01,427314.91,93789.06,39697.63
PDV026,2025-10-01,405161.01,99796.59,38181.14
PDV026,2025-11-01,576638.31,135250.01,48410.49
PDV026,2025-12-01,581462.94,134411.62,53563.64
PDV027,2024-07-01,322062.02,65893.14,23055.75
PDV027,2024-08-01,322102.36,62363.95,17743.71
PDV027,2024-09-01,327793.18,67712.1,22603.56
PDV027,2024-10-01,340792.47,65375.43,23408.11
PDV027,2024-11-01,329868.16,67217.47,29888.63
PDV027,2024-12-01,423620.53,82004.27,24878.05
PDV027,2025-01-01,304352.62,59824.63,20785.14
PDV027,2025-02-01,307370.3,66414.43,27522.1
PDV027,2025-03-01,356886.23,75338.19,25544.05
PDV027,2025-04-01,371316.86,69374.52,22013.88
PDV027,2025-05-01,330243.6,66269.49,18856.59
PDV027,2025-06-01,361036.11,72405.83,24580.46
PDV027,2025-07-01,381537.09,74489.56,27176.4
PDV027,2025-08-01,353831.9,70350.56,23683.98
PDV027,2025-09-01,341932.87,75540.88,30758.11
PDV027,2025-10-01,412845.86,88696.29,30903.28
PDV027,2025-11-01,419161.63,87042.31,27295.57
PDV027,2025-12-01,457374.1,91470.99,38257.74
PDV028,2024-07-01,375865.78,61581.8,40704.76
PDV028,2024-08-01,365233.04,58158.22,40025.08
PDV028,2024-09-01,350104.77,52307.42,35922.95
PDV028,2024-10-01,454695.64,73155.53,47544.3
PDV028,2024-11-01,466512.9,69409.65,60013.25
PDV028,2024-12-01,470383.52,88224.28,49156.98
PDV028,2025-01-01,302170.75,50429.17,34786.57
PDV028,2025-02-01,336739.88,49824.32,29629.6
PDV028,2025-03-01,358969.86,60874.59,39556.32
PDV028,2025-04-01,383814.91,61377.16,37777.25
PDV028,2025-05-01,353018.99,59479.54,40295.67
PDV028,2025-06-01,356839.47,64935.09,38718.74
PDV028,2025-07-01,351174.01,60961.46,35891.93
PDV028,2025-08-01,410246.05,69796.86,42526.83
PDV028,2025-09-01,339897.81,57880.92,36778.0
PDV028,2025-10-01,398706.16,61493.9,46275.62
PDV028,2025-11-01,377737.35,66316.18,41699.73
PDV028,2025-12-01,481372.16,71942.55,45752.21
PDV029,2024-07-01,304600.62,63623.43,22006.15
PDV029,2024-08-01,306901.12,61533.07,20706.34
PDV029,2024-09-01,296825.02,59930.46,19694.47
PDV029,2024-10-01,324048.45,66351.82,22922.95
PDV029,2024-11-01,327794.82,63095.3,17554.77
PDV029,2024-12-01,393811.26,75091.53,31981.36
PDV029,2025-01-01,302398.8,56830.3,22433.55
PDV029,2025-02-01,271932.1,55665.32,18401.65
PDV029,2025-03-01,297963.93,63315.29,28349.6
PDV029,2025-04-01,349013.11,65482.11,22288.55
PDV029,2025-05-01,352382.07,73362.72,21533.37
PDV029,2025-06-01,307788.52,61178.7,23153.21
PDV029,2025-07-01,326629.16,63435.64,22256.5
PDV029,2025-08-01,294208.4,67274.12,19612.78
PDV029,2025-09-01,298901.53,62352.13,14526.16
PDV029,2025-10-01,337525.33,67027.53,18462.75
PDV029,2025-11-01,355824.32,73571.52,27491.34
PDV029,2025-12-01,399869.31,79247.17,33696.04
PDV030,2024-07-01,134618.61,30235.2,13050.3
PDV030,2024-08-01,133861.8,28790.27,14981.12
PDV030,2024-09-01,139161.89,34270.91,16782.98
PDV030,2024-10-01,156734.73,32759.51,11672.32
PDV030,2024-11-01,149464.2,34427.23,14911.57
PDV030,2024-12-01,181999.94,39299.98,16844.31
PDV030,2025-01-01,123687.0,25661.04,13024.65
PDV030,2025-02-01,131007.86,24109.15,13090.92
PDV030,2025-03-01,133320.27,30267.23,14449.02
PDV030,2025-04-01,132392.99,29742.96,16038.6
PDV030,2025-05-01,159992.42,32866.9,16920.14
PDV030,2025-06-01,144765.32,32372.27,17546.44
PDV030,2025-07-01,131795.56,28734.43,15828.14
PDV030,2025-08-01,140207.04,29075.82,17029.0
PDV030,2025-09-01,140908.85,29627.14,14256.58
PDV030,2025-10-01,134725.87,30898.09,14855.86
PDV030,2025-11-01,141035.89,29299.15,17965.74
PDV030,2025-12-01,164039.83,30749.64,16744.29
PDV031,2024-07-01,220471.56,42194.42,24121.08
PDV031,2024-08-01,207888.77,41826.05,24483.34
PDV031,2024-09-01,200425.69,38160.84,18128.51
PDV031,2024-10-01,236832.14,48589.58,23825.74
PDV031,2024-11-01,253212.67,47432.3,30737.58
PDV031,2024-12-01,260206.85,42620.79,25924.44
PDV031,2025-01-01,179633.67,37032.81,18393.28
PDV031,2025-02-01,210042.62,38341.46,21001.93
PDV031,2025-03-01,203549.48,38147.6,23269.58
PDV031,2025-04-01,228330.67,40453.77,31539.84
PDV031,2025-05-01,257479.38,46917.69,25511.71
PDV031,2025-06-01,264691.08,51996.91,26944.72
PDV031,2025-07-01,272735.35,48678.17,18761.58
PDV031,2025-08-01,271117.46,49721.67,31927.06
PDV031,2025-09-01,250639.16,47659.71,18859.86
PDV031,2025-10-01,307630.73,49533.58,29157.29
PDV031,2025-11-01,290920.63,54487.15,27729.75
PDV031,2025-12-01,348607.33,70291.76,34878.27
PDV032,2024-07-01,357586.36,68820.52,25601.42
PDV032,2024-08-01,368530.9,73335.67,36077.65
PDV032,2024-09-01,386776.98,76846.15,39264.25
PDV032,2024-10-01,381739.67,87930.01,35707.68
PDV032,2024-11-01,390919.59,80650.89,22127.19
PDV032,2024-12-01,492490.99,101851.06,47681.16
PDV032,2025-01-01,344664.97,73213.86,29938.75
PDV032,2025-02-01,347141.63,64369.63,31012.44
PDV032,2025-03-01,351421.36,80694.31,23998.14
PDV032,2025-04-01,409603.02,82893.45,30301.09
PDV032,2025-05-01,394024.02,87609.28,28694.38
PDV032,2025-06-01,397233.51,86538.58,36186.22
PDV032,2025-07-01,475255.62,111817.33,47251.72
PDV032,2025-08-01,435174.88,82706.32,35957.97
PDV032,2025-09-01,413578.45,88713.98,33752.57
PDV032,2025-10-01,447912.35,91070.9,30949.22
PDV032,2025-11-01,488390.31,111126.01,41186.25
PDV032,2025-12-01,591364.22,130460.17,57555.22
PDV033,2024-07-01,217441.91,41459.97,17374.69
PDV033,2024-08-01,216077.3,38982.03,16854.79
PDV033,2024-09-01,195682.81,36361.46,13934.58
PDV033,2024-10-01,213511.06,39221.13,22956.96
PDV033,2024-11-01,217101.33,39535.08,21070.13
PDV033,2024-12-01,255485.12,49524.94,19812.11
PDV033,2025-01-01,169666.19,33213.29,16358.0
PDV033,2025-02-01,176420.29,33045.76,17218.95
PDV033,2025-03-01,188415.33,37426.72,18965.91
PDV033,2025-04-01,186913.48,36446.19,23986.12
PDV033,2025-05-01,204494.29,41182.62,21742.01
PDV033,2025-06-01,214389.33,40741.48,19046.94
PDV033,2025-07-01,205314.49,36643.7,19852.55
PDV033,2025-08-01,201646.92,42436.74,18688.35
PDV033,2025-09-01,228255.04,46945.34,21493.94
PDV033,2025-10-01,204455.75,37052.54,20543.8
PDV033,2025-11-01,260169.58,50378.86,28265.93
PDV033,2025-12-01,270628.11,49749.58,27858.71
PDV034,2024-07-01,328352.77,61617.31,19181.92
PDV034,2024-08-01,314590.83,60004.18,19653.88
PDV034,2024-09-01,303875.92,64595.55,20126.58
PDV034,2024-10-01,304295.52,65294.68,21619.12
PDV034,2024-11-01,355546.57,68142.54,19904.35
PDV034,2024-12-01,375684.22,71007.36,20348.89
PDV034,2025-01-01,285699.02,55522.57,15427.39
PDV034,2025-02-01,249461.59,50151.05,11926.14
PDV034,2025-03-01,262665.92,50856.28,9574.26
PDV034,2025-04-01,244808.3,48979.67,11460.47
PDV034,2025-05-01,297328.72,58273.66,16110.28
PDV034,2025-06-01,287935.79,52611.94,13217.23
PDV034,2025-07-01,315208.44,60269.7,14629.79
PDV034,2025-08-01,267519.92,55189.55,8791.24
PDV034,2025-09-01,249707.97,50274.05,17154.25
PDV034,2025-10-01,288300.3,58159.56,15743.19
PDV034,2025-11-01,314584.56,70074.9,15234.22
PDV034,2025-12-01,357024.69,73339.83,14566.88
PDV035,2024-07-01,257792.26,79097.23,33421.74
PDV035,2024-08-01,243936.21,69997.09,20217.97
PDV035,2024-09-01,259109.86,63474.26,32141.75
PDV035,2024-10-01,239087.69,71014.31,27308.84
PDV035,2024-11-01,259875.09,77352.27,40489.26
PDV035,2024-12-01,297268.74,92345.74,36283.97
PDV035,2025-01-01,214305.51,63467.29,23856.58
PDV035,2025-02-01,228434.74,64004.89,23144.81
PDV035,2025-03-01,199316.46,60720.95,24654.39
PDV035,2025-04-01,237014.18,66819.62,28033.47
PDV035,2025-05-01,230892.43,65139.78,31262.77
PDV035,2025-06-01,225702.01,63036.82,28624.98
PDV035,2025-07-01,249601.13,64416.32,29246.14
PDV035,2025-08-01,223755.34,59196.77,31813.01
PDV035,2025-09-01,211729.11,56905.11,32495.9
PDV035,2025-10-01,230492.3,66142.12,27760.27
PDV035,2025-11-01,273751.09,73650.62,28781.91
PDV035,2025-12-01,308318.57,89541.28,28417.34
PDV036,2024-07-01,301631.47,68269.46,31136.49
PDV036,2024-08-01,244247.0,58509.36,22236.55
PDV036,2024-09-01,256210.26,55037.34,22764.82
PDV036,2024-10-01,264801.69,50629.89,32434.71
PDV036,2024-11-01,290458.45,67820.84,36943.09
PDV036,2024-12-01,346521.3,77119.42,37084.85
PDV036,2025-01-01,213520.59,45014.77,28860.12
PDV036,2025-02-01,235667.54,45679.45,22503.03
PDV036,2025-03-01,215868.61,46929.25,19784.16
PDV036,2025-04-01,245918.73,55864.15,31871.98
PDV036,2025-05-01,274033.64,63155.93,27582.56
PDV036,2025-06-01,256323.94,55491.04,30464.68
PDV036,2025-07-01,265142.62,55044.98,30529.7
PDV036,2025-08-01,261637.04,60805.61,32064.46
PDV036,2025-09-01,233291.45,49988.31,23222.65
PDV036,2025-10-01,233100.21,52961.58,29624.59
PDV036,2025-11-01,305362.86,62891.75,34455.46
PDV036,2025-12-01,309372.88,57538.63,34311.32
PDV037,2024-07-01,204267.86,51522.4,16652.75
PDV037,2024-08-01,206513.02,48037.69,21555.51
PDV037,2024-09-01,182571.12,47556.53,17725.58
PDV037,2024-10-01,188581.52,43667.76,13859.47
PDV037,2024-11-01,190794.21,54868.29,24659.24
PDV037,2024-12-01,241113.29,61831.68,19738.54
PDV037,2025-01-01,160906.88,38587.99,13928.55
PDV037,2025-02-01,172915.96,45627.9,17550.0
PDV037,2025-03-01,183650.86,52037.57,19232.78
PDV037,2025-04-01,166314.19,45128.38,11517.82
PDV037,2025-05-01,178080.42,48160.11,15826.14
PDV037,2025-06-01,197312.88,53746.96,18504.77
PDV037,2025-07-01,196699.76,47607.46,19053.59
PDV037,2025-08-01,179853.53,47649.68,16946.66
PDV037,2025-09-01,191081.07,48191.86,11680.98
PDV037,2025-10-01,189486.52,44822.23,17481.34
PDV037,2025-11-01,208239.23,53820.04,15847.86
PDV037,2025-12-01,247970.68,68832.98,29000.18
PDV038,2024-07-01,327556.82,85620.07,26441.6
PDV038,2024-08-01,329481.39,72733.59,29812.07
PDV038,2024-09-01,350719.31,86395.32,34347.78
PDV038,2024-10-01,338593.12,77476.45,29147.83
PDV038,2024-11-01,355073.26,93696.02,36468.24
PDV038,2024-12-01,478119.62,117901.7,41023.4
PDV038,2025-01-01,275236.2,71040.44,21507.42
PDV038,2025-02-01,331667.3,78667.84,27731.21
PDV038,2025-03-01,325947.18,73836.81,37885.03
PDV038,2025-04-01,360831.19,90275.63,34279.33
PDV038,2025-05-01,352090.59,86025.44,35652.96
PDV038,2025-06-01,332742.05,85899.95,29522.75
PDV038,2025-07-01,358425.91,85030.22,31404.27
PDV038,2025-08-01,361034.27,83657.43,39505.95
PDV038,2025-09-01,339113.45,85424.48,34643.48
PDV038,2025-10-01,375263.81,84886.96,32933.87
PDV038,2025-11-01,411229.81,102293.42,43738.58
PDV038,2025-12-01,451658.72,112733.62,48432.66
PDV039,2024-07-01,133438.81,25751.74,10424.26
PDV039,2024-08-01,155940.66,33350.62,9036.2
PDV039,2024-09-01,126543.4,26455.75,11780.93
PDV039,2024-10-01,158993.78,30018.89,12837.5
PDV039,2024-11-01,171036.81,36902.72,13134.85
PDV039,2024-12-01,185603.34,36843.77,15137.74
PDV039,2025-01-01,124417.43,24235.78,12178.6
PDV039,2025-02-01,137266.13,25346.32,11611.2
PDV039,2025-03-01,136266.71,29189.11,9479.41
PDV039,2025-04-01,153262.82,31706.61,13239.83
PDV039,2025-05-01,141090.1,28514.53,10879.84
PDV039,2025-06-01,150423.26,32683.56,13143.83
PDV039,2025-07-01,150022.14,29098.52,13416.57
PDV039,2025-08-01,141316.46,25449.99,10822.65
PDV039,2025-09-01,140773.43,27381.44,12386.18
PDV039,2025-10-01,166693.94,30869.55,13001.13
PDV039,2025-11-01,174850.2,32814.94,14774.2
PDV039,2025-12-01,202944.48,36154.53,17228.14
PDV040,2024-07-01,465334.2,114646.9,51551.37
PDV040,2024-08-01,441228.72,124799.21,64424.87
PDV040,2024-09-01,412591.67,111611.57,45750.7
PDV040,2024-10-01,473245.91,135774.96,60094.85
PDV040,2024-11-01,480930.84,138446.2,57573.32
PDV040,2024-12-01,545950.19,149876.88,46847.43
PDV040,2025-01-01,405751.67,112403.33,49918.76
PDV040,2025-02-01,385565.5,99070.99,41733.84
PDV040,2025-03-01,428592.75,119019.34,61223.4
PDV040,2025-04-01,433872.96,114254.38,61716.17
PDV040,2025-05-01,420252.7,104530.31,50342.04
PDV040,2025-06-01,404547.67,110606.63,53378.62
PDV040,2025-07-01,538503.43,134181.85,52384.17
PDV040,2025-08-01,435458.89,113519.27,51149.25
PDV040,2025-09-01,429671.54,126850.1,58126.77
PDV040,2025-10-01,465121.17,135724.79,59665.08
PDV040,2025-11-01,499286.36,131751.5,68427.09
PDV040,2025-12-01,497578.6,137023.84,69376.15
PDV041,2024-07-01,311422.01,67653.87,27849.45
PDV041,2024-08-01,261909.05,61868.85,39523.97
PDV041,2024-09-01,288603.54,70734.19,29935.87
PDV041,2024-10-01,275765.52,65080.76,31791.73
PDV041,2024-11-01,294094.11,68045.48,28522.65
PDV041,2024-12-01,360955.1,86839.2,38229.52
PDV041,2025-01-01,232649.21,54354.67,23182.13
PDV041,2025-02-01,263739.42,59114.09,30142.84
PDV041,2025-03-01,286158.26,64085.69,33368.14
PDV041,2025-04-01,275404.2,60578.76,34101.14
PDV041,2025-05-01,318877.0,79825.55,37884.44
PDV041,2025-06-01,301634.34,67712.18,38768.78
PDV041,2025-07-01,333047.21,77194.03,35714.73
PDV041,2025-08-01,282452.19,68743.81,37264.67
PDV041,2025-09-01,300323.33,74671.51,30886.37
PDV041,2025-10-01,330972.69,85117.24,37761.11
PDV041,2025-11-01,327602.21,72051.96,41304.19
PDV041,2025-12-01,410429.15,93177.61,46708.78
PDV042,2024-07-01,381134.32,92038.37,21714.41
PDV042,2024-08-01,347617.47,74384.88,28156.61
PDV042,2024-09-01,287557.87,65512.8,20982.88
PDV042,2024-10-01,367498.37,84883.0,16296.32
PDV042,2024-11-01,399579.01,90794.12,28949.14
PDV042,2024-12-01,428121.63,93433.82,28762.59
PDV042,2025-01-01,319693.49,76112.1,25612.67
PDV042,2025-02-01,354332.35,77963.58,28249.04
PDV042,2025-03-01,373160.29,81733.03,23504.67
PDV042,2025-04-01,373600.42,79350.71,25819.37
PDV042,2025-05-01,430831.84,99366.44,36295.72
PDV042,2025-06-01,396153.63,94458.95,31776.32
PDV042,2025-07-01,407767.54,98010.63,42011.05
PDV042,2025-08-01,434486.93,97548.15,25196.07
PDV042,2025-09-01,397359.87,89991.19,37585.47
PDV042,2025-10-01,473324.32,107468.6,25578.75
PDV042,2025-11-01,505431.35,104912.16,29781.13
PDV042,2025-12-01,553650.76,125683.33,49791.68
PDV043,2024-07-01,732861.89,139880.88,46329.58
PDV043,2024-08-01,719641.45,138552.9,62999.01
PDV043,2024-09-01,566734.47,110907.99,49079.62
PDV043,2024-10-01,693400.53,131179.17,50160.51
PDV043,2024-11-01,721797.63,138282.13,51719.4
PDV043,2024-12-01,789483.33,162408.82,74520.11
PDV043,2025-01-01,566320.53,105790.68,30187.52
PDV043,2025-02-01,652720.57,121477.54,52363.77
PDV043,2025-03-01,606788.58,107177.39,48241.73
PDV043,2025-04-01,669420.03,127534.78,51122.41
PDV043,2025-05-01,696468.53,141451.78,46015.54
PDV043,2025-06-01,730308.69,146509.4,61135.63
PDV043,2025-07-01,695466.53,122422.23,59209.26
PDV043,2025-08-01,646342.42,128291.94,44787.81
PDV043,2025-09-01,605139.92,121775.65,49038.37
PDV043,2025-10-01,755125.63,141851.01,61101.43
PDV043,2025-11-01,655919.13,134831.97,49815.74
PDV043,2025-12-01,802654.25,158016.59,72237.98
PDV044,2024-07-01,112941.41,28191.97,9554.04
PDV044,2024-08-01,114078.81,27987.56,12257.25
PDV044,2024-09-01,117944.53,29696.33,9166.13
PDV044,2024-10-01,127279.18,31736.12,9105.33
PDV044,2024-11-01,140448.94,33074.7,12129.17
PDV044,2024-12-01,158299.83,33511.81,17069.72
PDV044,2025-01-01,115835.26,28465.05,8910.08
PDV044,2025-02-01,113896.42,26680.6,8352.84
PDV044,2025-03-01,124489.4,31762.27,12329.5
PDV044,2025-04-01,125188.69,27141.53,11039.81
PDV044,2025-05-01,123716.02,28647.76,9997.44
PDV044,2025-06-01,136682.96,34725.78,13772.09
PDV044,2025-07-01,131633.69,33338.98,12904.36
PDV044,2025-08-01,121305.91,28483.85,10240.59
PDV044,2025-09-01,134836.46,33499.13,9366.48
PDV044,2025-10-01,126967.49,30308.9,10151.4
PDV044,2025-11-01,150789.83,34950.9,13704.34
PDV044,2025-12-01,155372.56,37671.55,15472.64
PDV045,2024-07-01,424208.48,118361.47,38232.5
PDV045,2024-08-01,371716.19,104397.18,45754.13
PDV045,2024-09-01,396905.17,104106.25,40051.24
PDV045,2024-10-01,448795.59,133538.64,25743.71
PDV045,2024-11-01,514449.14,143677.76,48519.13
PDV045,2024-12-01,568119.26,161982.86,28021.58
PDV045,2025-01-01,391239.52,101910.52,24570.79
PDV045,2025-02-01,454382.6,117526.37,52249.11
PDV045,2025-03-01,497948.98,139304.64,27983.87
PDV045,2025-04-01,414457.24,105250.81,34459.98
PDV045,2025-05-01,513248.16,135998.49,43326.23
PDV045,2025-06-01,488663.6,128986.52,24963.89
PDV045,2025-07-01,603028.93,153809.66,42945.32
PDV045,2025-08-01,478154.08,130949.18,51541.12
PDV045,2025-09-01,470369.4,122909.76,33225.64
PDV045,2025-10-01,487581.69,150535.94,25145.74
PDV045,2025-11-01,537441.81,161875.24,46691.05
PDV045,2025-12-01,645146.76,175466.5,42040.08
PDV046,2024-07-01,177828.06,52603.75,13634.9
PDV046,2024-08-01,195850.3,57520.26,13711.65
PDV046,2024-09-01,182967.17,51677.31,12262.77
PDV046,2024-10-01,210937.79,55789.0,14059.4
PDV046,2024-11-01,217520.95,60155.22,14514.2
PDV046,2024-12-01,246085.56,69608.15,21910.7
PDV046,2025-01-01,157531.93,39293.82,10181.65
PDV046,2025-02-01,161986.97,42904.29,10861.91
PDV046,2025-03-01,185459.25,50682.09,14693.83
PDV046,2025-04-01,178694.13,49810.1,14687.08
PDV046,2025-05-01,187534.54,49674.64,15679.06
PDV046,2025-06-01,189285.63,49788.28,16237.89
PDV046,2025-07-01,212741.41,59168.57,17985.16
PDV046,2025-08-01,191190.32,53522.66,17514.2
PDV046,2025-09-01,175277.63,46170.58,16645.02
PDV046,2025-10-01,196708.86,54036.85,17311.85
PDV046,2025-11-01,201223.75,57389.05,11837.74
PDV046,2025-12-01,259142.42,70289.29,17043.23
PDV047,2024-07-01,857050.04,182917.0,104813.5
PDV047,2024-08-01,655293.74,145278.82,91731.76
PDV047,2024-09-01,648977.35,136920.02,71145.15
PDV047,2024-10-01,793129.78,167770.39,89033.71
PDV047,2024-11-01,881915.89,198475.78,119571.22
PDV047,2024-12-01,854534.94,185417.97,104896.96
PDV047,2025-01-01,601580.29,129338.11,72705.73
PDV047,2025-02-01,661426.38,132571.63,97792.92
PDV047,2025-03-01,640258.72,139651.8,63350.18
PDV047,2025-04-01,733896.3,160771.46,101967.54
PDV047,2025-05-01,612609.76,133773.62,78437.58
PDV047,2025-06-01,783425.97,161959.16,92482.11
PDV047,2025-07-01,693844.65,154990.0,86865.18
PDV047,2025-08-01,662567.02,134499.23,76873.72
PDV047,2025-09-01,662154.85,140590.8,81657.2
PDV047,2025-10-01,701226.2,148312.56,79027.5
PDV047,2025-11-01,710949.3,155303.64,95026.12
PDV047,2025-12-01,833894.19,184960.69,95500.91
PDV048,2024-07-01,670703.48,150259.15,87500.84
PDV048,2024-08-01,585553.65,145174.4,90771.12
PDV048,2024-09-01,599149.62,137924.39,73889.78
PDV048,2024-10-01,637557.72,150199.9,82135.94
PDV048,2024-11-01,684139.74,150257.23,88226.87
PDV048,2024-12-01,800570.08,177623.74,87246.8
PDV048,2025-01-01,576522.8,127063.46,66485.0
PDV048,2025-02-01,568526.21,126158.24,63228.97
PDV048,2025-03-01,634452.25,149625.24,79728.05
PDV048,2025-04-01,601030.67,139621.52,68032.84
PDV048,2025-05-01,639545.06,140744.77,80365.0
PDV048,2025-06-01,680747.21,152959.57,66281.05
PDV048,2025-07-01,710378.19,165900.9,86156.73
PDV048,2025-08-01,647803.71,132015.72,81265.53
PDV048,2025-09-01,664525.29,156817.66,105455.99
PDV048,2025-10-01,677857.66,149050.04,93833.32
PDV048,2025-11-01,799305.69,178006.95,90451.04
PDV048,2025-12-01,849749.04,202903.59,112064.01
PDV049,2024-07-01,466740.91,114157.56,31229.47
PDV049,2024-08-01,504479.67,118285.82,25174.71
PDV049,2024-09-01,412000.24,103720.31,16260.01
PDV049,2024-10-01,500572.6,113814.52,22522.99
PDV049,2024-11-01,499747.01,120581.03,33639.13
PDV049,2024-12-01,635922.97,160930.56,34270.38
PDV049,2025-01-01,428756.58,95295.68,25085.39
PDV049,2025-02-01,443900.99,101993.13,19643.41
PDV049,2025-03-01,450270.63,111572.91,25524.87
PDV049,2025-04-01,456340.53,108464.08,23070.44
PDV049,2025-05-01,442867.13,110654.65,21381.29
PDV049,2025-06-01,465991.42,114251.77,26141.29
PDV049,2025-07-01,468074.19,123051.75,21955.18
PDV049,2025-08-01,515052.14,117243.05,17521.69
PDV049,2025-09-01,413903.08,99645.94,23501.72
PDV049,2025-10-01,489228.73,121083.41,22873.73
PDV049,2025-11-01,573171.08,129308.78,33724.19
PDV049,2025-12-01,591111.63,138565.4,42079.37
PDV050,2024-07-01,314634.26,72381.15,19806.79
PDV050,2024-08-01,323472.65,74257.15,24406.24
PDV050,2024-09-01,328679.62,80621.57,24228.43
PDV050,2024-10-01,381276.59,84713.62,29511.45
PDV050,2024-11-01,355596.98,86494.46,28540.5
PDV050,2024-12-01,397924.72,86107.89,31107.55
PDV050,2025-01-01,309761.45,68658.39,18507.86
PDV050,2025-02-01,318632.59,69460.87,28917.19
PDV050,2025-03-01,325433.78,74080.1,23571.4
PDV050,2025-04-01,345569.63,72580.08,30778.84
PDV050,2025-05-01,365645.36,79179.81,29800.13
PDV050,2025-06-01,364124.56,81269.22,22541.86
PDV050,2025-07-01,367267.76,85905.7,21841.27
PDV050,2025-08-01,362209.3,79603.82,35663.05
PDV050,2025-09-01,324606.0,86111.29,26920.38
PDV050,2025-10-01,398709.57,91019.7,34473.73
PDV050,2025-11-01,363242.92,83234.62,31267.12
PDV050,2025-12-01,469610.67,109105.4,39059.8
PDV051,2024-07-01,155213.69,39092.15,18036.16
PDV051,2024-08-01,153818.65,36955.97,20612.24
PDV051,2024-09-01,177579.81,43169.38,17149.8
PDV051,2024-10-01,158778.63,40053.37,15551.27
PDV051,2024-11-01,172945.48,47467.8,19397.77
PDV051,2024-12-01,186359.5,47942.98,18900.7
PDV051,2025-01-01,130369.07,36038.27,14541.14
PDV051,2025-02-01,131141.63,34726.84,17190.36
PDV051,2025-03-01,160677.37,41291.06,23301.11
PDV051,2025-04-01,152437.98,42124.84,20819.0
PDV051,2025-05-01,147767.38,41605.31,15685.21
PDV051,2025-06-01,156148.4,41756.49,16851.15
PDV051,2025-07-01,160204.1,39696.99,18217.59
PDV051,2025-08-01,156462.44,40495.31,18898.44
PDV051,2025-09-01,156611.0,39584.58,15570.72
PDV051,2025-10-01,185554.93,48161.32,18448.07
PDV051,2025-11-01,169645.4,43118.37,16710.45
PDV051,2025-12-01,198284.21,49246.35,15550.4
PDV052,2024-07-01,134781.43,24985.52,12522.55
PDV052,2024-08-01,128395.1,25838.6,16715.94
PDV052,2024-09-01,113676.8,22617.24,12587.92
PDV052,2024-10-01,123045.95,24383.19,12024.79
PDV052,2024-11-01,135407.06,25373.54,12403.93
PDV052,2024-12-01,135814.23,26954.47,16956.5
PDV052,2025-01-01,97482.23,19712.53,11231.63
PDV052,2025-02-01,94498.56,16686.21,10125.32
PDV052,2025-03-01,110282.73,21160.46,11899.84
PDV052,2025-04-01,104322.81,19693.58,12946.09
PDV052,2025-05-01,122888.61,21972.21,12027.14
PDV052,2025-06-01,127852.52,24590.58,14003.18
PDV052,2025-07-01,128211.39,25065.68,11014.82
PDV052,2025-08-01,120905.11,21950.55,10075.77
PDV052,2025-09-01,111034.05,21493.31,11536.97
PDV052,2025-10-01,129794.91,22425.58,13106.49
PDV052,2025-11-01,125375.48,23748.23,11695.98
PDV052,2025-12-01,153240.11,27003.04,14618.16
PDV053,2024-07-01,382828.94,91718.04,37932.8
PDV053,2024-08-01,443872.48,105918.13,46092.74
PDV053,2024-09-01,404592.4,89291.33,38111.32
PDV053,2024-10-01,419707.87,106907.66,44061.83
PDV053,2024-11-01,484777.98,114873.85,49015.47
PDV053,2024-12-01,531684.11,123383.25,49426.54
PDV053,2025-01-01,365310.2,82930.58,32685.42
PDV053,2025-02-01,380863.29,87111.31,32601.65
PDV053,2025-03-01,410099.63,96563.06,46630.42
PDV053,2025-04-01,460721.61,104436.39,35208.64
PDV053,2025-05-01,411608.11,96838.27,40864.38
PDV053,2025-06-01,406262.71,98961.05,39579.27
PDV053,2025-07-01,443509.73,109732.11,45178.91
PDV053,2025-08-01,462902.23,102564.4,43988.31
PDV053,2025-09-01,416409.85,94021.87,41806.03
PDV053,2025-10-01,483322.05,108275.81,34491.87
PDV053,2025-11-01,547509.3,127233.37,53858.54
PDV053,2025-12-01,575594.48,127099.71,57944.4
PDV054,2024-07-01,337847.32,68840.78,36513.51
PDV054,2024-08-01,344619.81,64234.76,34282.56
PDV054,2024-09-01,314237.17,63224.87,39925.66
PDV054,2024-10-01,339903.22,59305.5,36281.37
PDV054,2024-11-01,311908.61,61300.99,35050.25
PDV054,2024-12-01,382698.72,68495.19,38195.02
PDV054,2025-01-01,310209.0,62699.39,36583.97
PDV054,2025-02-01,316159.84,57888.09,33898.65
PDV054,2025-03-01,335750.01,58017.06,36564.39
PDV054,2025-04-01,322983.61,61078.23,35575.79
PDV054,2025-05-01,318203.71,59258.8,37617.29
PDV054,2025-06-01,348224.31,64399.15,36828.96
PDV054,2025-07-01,372704.16,64356.21,38509.04
PDV054,2025-08-01,276831.5,56107.07,36828.41
PDV054,2025-09-01,366614.54,70667.81,39912.69
PDV054,2025-10-01,350290.97,59426.32,40809.78
PDV054,2025-11-01,457839.83,79557.25,48553.9
PDV054,2025-12-01,448274.64,83674.34,58066.64
PDV055,2024-07-01,278203.19,68501.43,29847.09
PDV055,2024-08-01,295114.31,67860.46,35939.06
PDV055,2024-09-01,269811.77,63375.31,27427.8
PDV055,2024-10-01,309919.54,65489.87,28860.99
PDV055,2024-11-01,317566.29,67059.54,34021.98
PDV055,2024-12-01,329897.45,75380.67,31918.65
PDV055,2025-01-01,254480.75,54880.03,23359.92
PDV055,2025-02-01,292731.05,62410.87,31469.31
PDV055,2025-03-01,270705.81,51045.95,27798.45
PDV055,2025-04-01,304177.47,69338.39,36733.32
PDV055,2025-05-01,304745.84,68231.68,38750.78
PDV055,2025-06-01,298980.5,63197.42,32089.58
PDV055,2025-07-01,339499.93,72919.91,35474.58
PDV055,2025-08-01,295557.82,63937.96,34236.03
PDV055,2025-09-01,322694.77,69049.18,42035.39
PDV055,2025-10-01,298293.33,65328.91,31679.45
PDV055,2025-11-01,356275.37,86129.49,51862.24
PDV055,2025-12-01,368679.29,76495.86,37645.45
PDV056,2024-07-01,633545.58,143520.49,48543.31
PDV056,2024-08-01,610945.01,133979.49,50759.08
PDV056,2024-09-01,616937.03,126056.46,64693.35
PDV056,2024-10-01,606608.5,122496.2,67809.46
PDV056,2024-11-01,639746.21,153075.58,75212.79
PDV056,2024-12-01,764969.12,163990.11,77270.12
PDV056,2025-01-01,599118.53,122216.62,74298.42
PDV056,2025-02-01,603543.64,129373.86,60030.92
PDV056,2025-03-01,652906.96,141030.12,59303.25
PDV056,2025-04-01,606080.56,135047.02,59505.72
PDV056,2025-05-01,680934.86,142604.0,61509.78
PDV056,2025-06-01,677827.87,149389.53,63368.51
PDV056,2025-07-01,656345.74,143013.11,73970.1
PDV056,2025-08-01,690521.25,137401.48,62366.44
PDV056,2025-09-01,647824.04,137368.59,59609.03
PDV056,2025-10-01,719238.12,156074.44,77856.06
PDV056,2025-11-01,717384.07,159453.28,64029.18
PDV056,2025-12-01,837913.15,173534.8,95665.51
PDV057,2024-07-01,208200.39,58493.14,23290.39
PDV057,2024-08-01,182767.78,48540.45,25846.89
PDV057,2024-09-01,184338.74,49679.26,25319.69
PDV057,2024-10-01,209000.0,56919.24,22665.46
PDV057,2024-11-01,213180.87,57721.61,20967.15
PDV057,2024-12-01,230548.37,57929.01,24186.85
PDV057,2025-01-01,172821.34,49681.21,21014.85
PDV057,2025-02-01,170334.74,49250.64,18234.07
PDV057,2025-03-01,200164.53,54038.25,19798.34
PDV057,2025-04-01,197845.82,54291.07,19740.66
PDV057,2025-05-01,179859.94,47673.15,22647.44
PDV057,2025-06-01,168450.09,55071.75,19424.83
PDV057,2025-07-01,192533.27,53475.12,20199.17
PDV057,2025-08-01,203965.27,56347.18,19534.96
PDV057,2025-09-01,189400.84,53996.62,19731.26
PDV057,2025-10-01,188629.6,52018.82,17235.6
PDV057,2025-11-01,223964.8,62115.76,21109.9
PDV057,2025-12-01,228266.06,55624.85,19268.1
PDV058,2024-07-01,312436.14,65607.82,40343.99
PDV058,2024-08-01,341801.57,67986.38,38931.48
PDV058,2024-09-01,321312.18,61610.65,41304.03
PDV058,2024-10-01,296263.85,53721.46,29447.98
PDV058,2024-11-01,348147.33,66574.69,44304.14
PDV058,2024-12-01,363454.6,64825.11,38281.08
PDV058,2025-01-01,264983.95,50386.3,30819.37
PDV058,2025-02-01,274758.84,53679.28,32490.06
PDV058,2025-03-01,285647.86,56072.87,34682.28
PDV058,2025-04-01,307376.26,67688.25,43474.25
PDV058,2025-05-01,285685.85,52614.6,34916.32
PDV058,2025-06-01,323472.03,64234.37,44105.14
PDV058,2025-07-01,274299.98,57125.42,35674.37
PDV058,2025-08-01,281241.82,65026.43,31542.39
PDV058,2025-09-01,266566.7,50919.05,30325.05
PDV058,2025-10-01,277265.18,52362.81,37462.77
PDV058,2025-11-01,326655.1,68933.94,34125.55
PDV058,2025-12-01,346806.58,69198.57,42326.67
PDV059,2024-07-01,392688.86,81928.18,26217.84
PDV059,2024-08-01,342543.64,70305.83,23583.34
PDV059,2024-09-01,340075.16,73317.14,21342.2
PDV059,2024-10-01,340231.42,78461.61,20240.15
PDV059,2024-11-01,395831.02,93414.22,31811.63
PDV059,2024-12-01,485644.92,97637.96,25755.89
PDV059,2025-01-01,299684.68,62703.33,21264.85
PDV059,2025-02-01,314154.39,69398.78,28388.52
PDV059,2025-03-01,340403.28,68457.2,29623.76
PDV059,2025-04-01,364526.03,81029.69,33284.25
PDV059,2025-05-01,358802.57,80327.84,27575.85
PDV059,2025-06-01,343061.24,63827.85,29665.03
PDV059,2025-07-01,421050.44,85468.37,30680.38
PDV059,2025-08-01,334438.27,64350.32,30953.0
PDV059,2025-09-01,331086.28,69321.62,24825.13
PDV059,2025-10-01,370854.3,80409.79,26915.19
PDV059,2025-11-01,405776.96,83153.51,25624.29
PDV059,2025-12-01,494552.95,99415.45,20511.66
PDV060,2024-07-01,240717.62,69177.78,26347.13
PDV060,2024-08-01,263476.63,74521.86,19584.57
PDV060,2024-09-01,226165.47,62739.49,19127.38
PDV060,2024-10-01,261466.14,73161.83,22185.04
PDV060,2024-11-01,249932.52,73115.34,19321.82
PDV060,2024-12-01,327579.71,101559.99,26084.11
PDV060,2025-01-01,206379.02,56944.39,17945.7
PDV060,2025-02-01,210590.37,56431.92,20464.39
PDV060,2025-03-01,271983.65,79683.57,27906.8
PDV060,2025-04-01,245141.41,71918.16,17553.92
PDV060,2025-05-01,239210.93,66237.96,22841.43
PDV060,2025-06-01,268563.63,80993.97,19275.05
PDV060,2025-07-01,245590.24,70533.92,22594.1
PDV060,2025-08-01,274193.6,70300.69,21346.07
PDV060,2025-09-01,255374.85,72345.85,23516.66
PDV060,2025-10-01,267708.75,85758.05,24437.54
PDV060,2025-11-01,318373.71,86313.47,25385.67
PDV060,2025-12-01,412867.65,119300.24,26385.37
PDV061,2024-07-01,801496.31,173016.17,102963.95
PDV061,2024-08-01,716184.3,152771.69,63865.88
PDV061,2024-09-01,704168.46,148667.96,80239.36
PDV061,2024-10-01,777777.18,175751.98,95716.42
PDV061,2024-11-01,798825.77,162696.15,86052.11
PDV061,2024-12-01,895234.0,199345.38,86546.66
PDV061,2025-01-01,608065.14,133929.93,67052.16
PDV061,2025-02-01,613771.56,136497.07,70407.17
PDV061,2025-03-01,585553.37,127460.45,71436.72
PDV061,2025-04-01,717917.52,141374.07,73793.7
PDV061,2025-05-01,725216.79,160550.64,84337.16
PDV061,2025-06-01,723775.23,156960.06,77446.18
PDV061,2025-07-01,700491.35,145042.21,71759.45
PDV061,2025-08-01,637823.23,147760.38,69771.27
PDV061,2025-09-01,599701.59,123282.86,65397.95
PDV061,2025-10-01,640570.56,132502.51,71599.3
PDV061,2025-11-01,780862.92,175788.67,66479.3
PDV061,2025-12-01,750535.48,156596.5,94280.77
PDV062,2024-07-01,239041.46,55683.62,29631.55
PDV062,2024-08-01,250259.55,59740.77,37052.41
PDV062,2024-09-01,195142.99,41374.64,24313.96
PDV062,2024-10-01,244932.35,54809.37,37521.57
PDV062,2024-11-01,279123.64,61154.54,32508.73
PDV062,2024-12-01,314479.11,72821.33,40461.36
PDV062,2025-01-01,241337.27,60327.61,26937.85
PDV062,2025-02-01,214387.97,51593.06,24856.02
PDV062,2025-03-01,263349.53,64712.43,27048.65
PDV062,2025-04-01,278617.23,61620.89,31152.16
PDV062,2025-05-01,239789.62,52463.14,35870.92
PDV062,2025-06-01,288644.51,59744.35,32028.42
PDV062,2025-07-01,260117.17,59454.95,27311.81
PDV062,2025-08-01,298370.22,71662.8,43235.26
PDV062,2025-09-01,266598.21,59033.44,35160.9
PDV062,2025-10-01,270472.1,64469.21,30492.83
PDV062,2025-11-01,292593.16,68149.16,41336.11
PDV062,2025-12-01,316567.78,68417.56,32304.91
PDV063,2024-07-01,397166.47,71252.6,20984.43
PDV063,2024-08-01,370996.36,80957.86,28044.5
PDV063,2024-09-01,397109.66,71751.85,20922.8
PDV063,2024-10-01,438746.94,89523.5,18052.0
PDV063,2024-11-01,475963.85,88914.38,20977.51
PDV063,2024-12-01,525870.54,105671.23,36211.24
PDV063,2025-01-01,375818.8,69569.39,24072.38
PDV063,2025-02-01,360544.58,69311.53,17137.07
PDV063,2025-03-01,411869.65,78283.13,23855.54
PDV063,2025-04-01,399678.77,76206.25,14762.57
PDV063,2025-05-01,399080.05,74699.27,16564.09
PDV063,2025-06-01,394322.42,76170.06,26317.26
PDV063,2025-07-01,446741.63,87412.46,25572.38
PDV063,2025-08-01,385102.2,72133.78,24401.45
PDV063,2025-09-01,392794.09,82243.01,22493.14
PDV063,2025-10-01,397359.64,77367.67,25940.44
PDV063,2025-11-01,372131.72,76487.24,17160.5
PDV063,2025-12-01,482229.95,99163.07,31890.61
PDV064,2024-07-01,205652.64,46037.77,13038.12
PDV064,2024-08-01,205692.14,51444.33,15708.95
PDV064,2024-09-01,204965.51,51520.0,11129.02
PDV064,2024-10-01,216610.8,58464.67,17863.09
PDV064,2024-11-01,259355.39,72698.44,12415.83
PDV064,2024-12-01,266394.14,74067.8,12472.51
PDV064,2025-01-01,194304.72,48578.37,11405.85
PDV064,2025-02-01,201468.63,55502.98,15266.51
PDV064,2025-03-01,197225.16,57666.13,17074.8
PDV064,2025-04-01,235955.1,59029.98,12056.61
PDV064,2025-05-01,248737.61,67121.53,23463.12
PDV064,2025-06-01,245924.83,63753.29,14367.44
PDV064,2025-07-01,238762.06,68599.09,13964.99
PDV064,2025-08-01,241080.76,63987.45,19243.69
PDV064,2025-09-01,228317.25,65011.75,11268.72
PDV064,2025-10-01,242361.77,67417.59,17468.41
PDV064,2025-11-01,287799.71,79960.0,23610.69
PDV064,2025-12-01,340303.65,89943.39,37267.23
PDV065,2024-07-01,260309.54,64796.72,21531.8
PDV065,2024-08-01,285280.57,76137.35,20406.23
PDV065,2024-09-01,286816.2,78102.22,23381.62
PDV065,2024-10-01,265622.22,72320.95,19011.02
PDV065,2024-11-01,375068.94,100152.71,29722.7
PDV065,2024-12-01,398975.23,109806.73,27065.61
PDV065,2025-01-01,248006.96,64394.98,19240.7
PDV065,2025-02-01,247580.68,64402.15,15109.36
PDV065,2025-03-01,288476.04,72030.66,22183.09
PDV065,2025-04-01,285367.27,75455.39,23564.77
PDV065,2025-05-01,279564.41,82446.6,17711.73
PDV065,2025-06-01,313464.68,76105.21,26237.99
PDV065,2025-07-01,322084.17,79325.15,18109.28
PDV065,2025-08-01,294429.07,73095.46,17442.04
PDV065,2025-09-01,304762.73,80458.05,25543.5
PDV065,2025-10-01,336142.13,90967.14,32839.91
PDV065,2025-11-01,369942.38,100786.35,17937.58
PDV065,2025-12-01,382480.0,99205.82,26717.37
PDV066,2024-07-01,93733.57,20388.66,12123.95
PDV066,2024-08-01,103298.22,20596.42,12087.96
PDV066,2024-09-01,110202.82,25376.19,13414.32
PDV066,2024-10-01,107251.7,20287.53,14293.14
PDV066,2024-11-01,115621.98,21763.64,13053.24
PDV066,2024-12-01,147377.47,28662.96,19186.4
PDV066,2025-01-01,93627.07,16468.32,11504.14
PDV066,2025-02-01,89783.75,18485.45,9758.5
PDV066,2025-03-01,100592.45,22732.45,13341.84
PDV066,2025-04-01,109202.07,21675.33,12774.99
PDV066,2025-05-01,118857.23,22519.55,13261.11
PDV066,2025-06-01,118236.19,22772.75,14485.68
PDV066,2025-07-01,106257.12,21672.77,11687.62
PDV066,2025-08-01,110486.73,23347.11,14470.48
PDV066,2025-09-01,107523.32,21922.62,11283.52
PDV066,2025-10-01,128052.41,27296.86,17254.07
PDV066,2025-11-01,132593.81,25993.86,13868.16
PDV066,2025-12-01,151534.5,32444.3,14378.6
PDV067,2024-07-01,300617.38,69844.66,33562.99
PDV067,2024-08-01,269407.63,63300.64,30414.9
PDV067,2024-09-01,270945.39,64115.1,36439.38
PDV067,2024-10-01,267963.15,65599.26,26648.25
PDV067,2024-11-01,290824.45,68196.96,31740.96
PDV067,2024-12-01,284870.18,66049.97,36519.53
PDV067,2025-01-01,210080.64,50691.94,24540.73
PDV067,2025-02-01,221505.41,53436.37,25802.67
PDV067,2025-03-01,291034.78,63892.59,31167.73
PDV067,2025-04-01,272798.86,61738.15,31199.93
PDV067,2025-05-01,282618.18,68165.11,33912.91
PDV067,2025-06-01,267815.45,59385.7,36307.48
PDV067,2025-07-01,278635.4,68251.46,32244.77
PDV067,2025-08-01,273974.95,64316.62,31108.29
PDV067,2025-09-01,256578.45,67659.01,27854.6
PDV067,2025-10-01,311269.62,69828.26,36658.45
PDV067,2025-11-01,297669.86,68875.71,29434.91
PDV067,2025-12-01,296964.96,78072.99,34981.69
PDV068,2024-07-01,407337.64,82097.56,34954.54
PDV068,2024-08-01,391386.92,77833.53,41622.13
PDV068,2024-09-01,371584.76,71058.85,31582.93
PDV068,2024-10-01,446484.74,77394.81,34910.88
PDV068,2024-11-01,444713.06,85979.19,41895.68
PDV068,2024-12-01,446021.37,92599.03,49575.08
PDV068,2025-01-01,318589.52,63757.36,31451.29
PDV068,2025-02-01,385995.04,69513.79,41429.41
PDV068,2025-03-01,398232.32,84876.95,38405.11
PDV068,2025-04-01,421700.52,88426.84,35169.29
PDV068,2025-05-01,453777.13,87489.66,47291.23
PDV068,2025-06-01,467587.56,94725.71,42387.84
PDV068,2025-07-01,462139.02,97101.66,42365.37
PDV068,2025-08-01,419993.53,75693.75,43418.84
PDV068,2025-09-01,428041.16,92826.83,48834.1
PDV068,2025-10-01,438470.74,83835.7,46803.43
PDV068,2025-11-01,541164.19,106609.75,54700.02
PDV068,2025-12-01,504885.5,96996.59,52810.91
PDV069,2024-07-01,189838.88,34489.59,12633.02
PDV069,2024-08-01,171567.36,27317.7,13407.79
PDV069,2024-09-01,185138.27,29314.56,10079.6
PDV069,2024-10-01,194046.48,34326.77,15584.2
PDV069,2024-11-01,204271.55,34585.33,13298.48
PDV069,2024-12-01,255688.65,38903.41,15022.14
PDV069,2025-01-01,151369.76,24241.76,9775.64
PDV069,2025-02-01,162155.53,23323.5,13121.6
PDV069,2025-03-01,184801.22,34027.87,10906.85
PDV069,2025-04-01,180387.91,29845.31,6526.38
PDV069,2025-05-01,155913.68,24056.73,10613.7
PDV069,2025-06-01,171218.68,29012.91,11548.6
PDV069,2025-07-01,180887.58,29032.8,10588.41
PDV069,2025-08-01,187420.73,30185.9,13455.83
PDV069,2025-09-01,189222.21,29451.75,12201.58
PDV069,2025-10-01,178244.78,28364.15,13782.07
PDV069,2025-11-01,192142.96,30996.15,10176.12
PDV069,2025-12-01,220755.73,35818.86,17307.29
PDV070,2024-07-01,532151.83,113599.35,66535.32
PDV070,2024-08-01,608890.87,135722.47,62647.1
PDV070,2024-09-01,519163.29,104231.45,46778.33
PDV070,2024-10-01,560181.77,114478.69,51856.06
PDV070,2024-11-01,598533.94,131505.48,58340.41
PDV070,2024-12-01,765213.59,153735.59,65039.93
PDV070,2025-01-01,457425.6,88009.41,44844.12
PDV070,2025-02-01,577706.18,128570.39,52954.16
PDV070,2025-03-01,480446.28,100696.65,49998.84
PDV070,2025-04-01,527110.29,116340.91,37855.37
PDV070,2025-05-01,456564.0,98863.46,45845.61
PDV070,2025-06-01,595168.71,114352.13,55577.24
PDV070,2025-07-01,564968.0,121885.73,52977.52
PDV070,2025-08-01,551495.54,106228.51,52526.34
PDV070,2025-09-01,512405.79,105924.98,46574.42
PDV070,2025-10-01,594334.54,122672.8,51561.21
PDV070,2025-11-01,631941.4,148031.66,56157.27
PDV070,2025-12-01,711941.02,141311.42,56745.19
