id_pdv,mes,aluguel,folha,energia,tecnologia
PDV001,2024-07-01,56536.84,91186.56,10681.56,4338.27
PDV001,2024-08-01,60001.37,95136.28,10773.48,4330.84
PDV001,2024-09-01,55573.07,91226.47,10748.39,4413.55
PDV001,2024-10-01,56769.28,88840.52,10802.54,4572.59
PDV001,2024-11-01,59135.14,93536.26,11434.75,4469.77
PDV001,2024-12-01,58667.44,96590.53,12683.11,4302.18
PDV001,2025-01-01,56760.03,93739.03,12924.2,4507.01
PDV001,2025-02-01,60006.18,94085.61,12803.11,4412.79
PDV001,2025-03-01,59463.08,91379.82,12352.1,4607.32
PDV001,2025-04-01,61539.32,93364.59,9954.16,4629.62
PDV001,2025-05-01,58700.03,91095.08,9845.47,4501.56
PDV001,2025-06-01,58727.06,95947.83,10703.04,4554.62
PDV001,2025-07-01,58164.54,94886.94,11375.7,4638.59
PDV001,2025-08-01,57420.08,93959.22,11278.47,4685.46
PDV001,2025-09-01,57291.83,93567.95,11141.16,4523.35
PDV001,2025-10-01,58814.87,95893.97,11837.04,4740.57
PDV001,2025-11-01,56085.06,93048.08,10804.66,4535.72
PDV001,2025-12-01,60869.67,93220.1,12691.24,4811.05
PDV002,2024-07-01,35776.58,39124.74,4636.01,2688.64
PDV002,2024-08-01,35774.48,40155.55,5076.98,2825.8
PDV002,2024-09-01,35284.01,40179.73,5267.38,2851.61
PDV002,2024-10-01,33769.44,39324.11,5018.68,2869.21
PDV002,2024-11-01,37141.53,40074.6,4920.59,2843.18
PDV002,2024-12-01,36228.21,40905.68,5706.55,2856.04
PDV002,2025-01-01,36626.47,40126.14,5841.11,2761.15
PDV002,2025-02-01,34517.73,40671.3,6192.06,2812.05
PDV002,2025-03-01,35133.29,39981.16,5911.01,2959.74
PDV002,2025-04-01,36419.32,40864.55,4919.57,3007.23
PDV002,2025-05-01,33704.72,42191.97,5571.32,2905.81
PDV002,2025-06-01,37800.9,41001.75,4999.71,2928.36
PDV002,2025-07-01,35048.68,41475.63,5145.34,2892.68
PDV002,2025-08-01,34671.35,41481.31,4986.28,2799.62
PDV002,2025-09-01,36067.06,41884.72,5232.74,3032.19
PDV002,2025-10-01,36590.76,41021.76,5312.31,2831.74
PDV002,2025-11-01,36341.36,42298.45,4929.5,2918.29
PDV002,2025-12-01,35054.74,42068.77,5830.39,2918.65
PDV003,2024-07-01,40134.22,68471.77,7450.3,3629.14
PDV003,2024-08-01,40993.1,68212.0,7091.25,3691.03
PDV003,2024-09-01,41974.44,69449.65,7056.59,3707.52
PDV003,2024-10-01,41237.07,67617.97,7072.35,3622.19
PDV003,2024-11-01,41441.99,69347.9,7308.09,3630.79
PDV003,2024-12-01,40755.68,67634.4,7905.95,3655.34
PDV003,2025-01-01,39455.08,64932.81,7508.8,3648.05
PDV003,2025-02-01,39824.92,67781.88,8597.38,3789.22
PDV003,2025-03-01,40113.76,69898.66,8034.97,3628.0
PDV003,2025-04-01,39459.85,68519.25,7130.79,3621.92
PDV003,2025-05-01,39095.03,65811.7,7120.78,3665.57
PDV003,2025-06-01,40692.48,65148.46,6654.9,3629.33
PDV003,2025-07-01,41637.89,69266.57,7116.83,3817.33
PDV003,2025-08-01,40693.29,70783.32,7508.69,3815.33
PDV003,2025-09-01,41260.51,70078.33,7126.96,3723.4
PDV003,2025-10-01,42435.65,69937.96,7466.85,3763.33
PDV003,2025-11-01,42133.57,67997.07,7022.65,3838.13
PDV003,2025-12-01,40312.6,69555.67,8085.44,3813.94
PDV004,2024-07-01,64028.78,128003.28,9166.34,5351.67
PDV004,2024-08-01,63187.17,127573.05,9335.52,5324.04
PDV004,2024-09-01,63266.28,129918.84,9198.85,5340.6
PDV004,2024-10-01,61674.79,130655.22,8914.3,5310.21
PDV004,2024-11-01,61266.14,128063.24,9327.34,5221.79
PDV004,2024-12-01,62951.72,131188.06,10459.87,5491.91
PDV004,2025-01-01,61167.67,129580.76,9878.36,5252.22
PDV004,2025-02-01,63250.05,129385.67,9985.05,5197.5
PDV004,2025-03-01,64012.73,133682.82,11129.24,5497.76
PDV004,2025-04-01,65742.93,130415.93,8816.21,5363.51
PDV004,2025-05-01,63166.28,130987.97,9164.67,5594.0
PDV004,2025-06-01,63794.14,131949.63,9254.39,5416.19
PDV004,2025-07-01,65495.33,132697.6,9668.47,5458.56
PDV004,2025-08-01,63598.42,128089.92,8964.81,5348.44
PDV004,2025-09-01,61594.05,130577.75,9410.79,5495.26
PDV004,2025-10-01,65301.37,132711.87,9952.36,5578.68
PDV004,2025-11-01,63687.13,134679.27,9361.86,5410.34
PDV004,2025-12-01,60341.53,129711.06,10051.58,5247.6
PDV005,2024-07-01,52603.68,84650.46,7701.51,4887.12
PDV005,2024-08-01,49754.25,83091.52,7809.52,4680.16
PDV005,2024-09-01,50745.29,81226.98,8276.48,4813.35
PDV005,2024-10-01,51482.72,82556.94,8468.93,4556.59
PDV005,2024-11-01,50584.04,82438.8,7412.94,4799.81
PDV005,2024-12-01,50950.17,78816.75,8969.27,4905.06
PDV005,2025-01-01,51881.83,80841.96,9810.57,4725.85
PDV005,2025-02-01,49106.13,81797.29,9716.87,4836.65
PDV005,2025-03-01,50971.68,82076.55,10280.29,4854.0
PDV005,2025-04-01,51291.43,83250.65,8068.7,4809.74
PDV005,2025-05-01,53150.21,81583.29,8496.14,4885.36
PDV005,2025-06-01,51618.69,84295.14,7665.73,4867.09
PDV005,2025-07-01,54586.59,85931.84,8203.2,4925.81
PDV005,2025-08-01,52273.31,85973.11,8144.8,5099.27
PDV005,2025-09-01,52137.02,85951.29,8769.03,4911.14
PDV005,2025-10-01,52849.23,85268.13,8177.2,4615.26
PDV005,2025-11-01,54661.17,85053.27,8145.76,4885.02
PDV005,2025-12-01,54062.1,84468.29,9289.91,4974.17
PDV006,2024-07-01,49335.44,67999.42,8880.04,4960.86
PDV006,2024-08-01,48290.05,69881.98,9247.83,4954.45
PDV006,2024-09-01,47110.05,68386.66,8888.36,5118.81
PDV006,2024-10-01,49090.73,65036.25,9399.25,5055.87
PDV006,2024-11-01,49100.71,69674.51,9282.68,5002.22
PDV006,2024-12-01,49092.72,66503.82,10334.57,4951.92
PDV006,2025-01-01,48223.06,68994.18,10937.4,4877.65
PDV006,2025-02-01,50220.42,70722.11,10588.17,5105.53
PDV006,2025-03-01,49695.49,67978.83,10841.02,5108.19
PDV006,2025-04-01,51733.57,70031.2,9382.04,5052.68
PDV006,2025-05-01,50563.36,68265.3,9547.63,5091.92
PDV006,2025-06-01,49235.14,69819.18,9348.48,5128.46
PDV006,2025-07-01,48521.63,69847.11,9332.91,5231.58
PDV006,2025-08-01,48301.25,71091.08,9448.74,5369.04
PDV006,2025-09-01,50533.32,67639.08,9474.07,5183.05
PDV006,2025-10-01,52327.88,69284.38,9687.79,5093.79
PDV006,2025-11-01,50298.49,74122.4,8810.51,5182.65
PDV006,2025-12-01,50804.32,69709.23,9921.54,5240.37
PDV007,2024-07-01,20728.73,47508.73,5812.37,3464.51
PDV007,2024-08-01,21996.87,47012.02,5875.3,3419.96
PDV007,2024-09-01,21230.48,46831.12,5785.36,3464.07
PDV007,2024-10-01,21784.42,46641.33,6105.51,3404.62
PDV007,2024-11-01,21840.99,49261.27,5666.91,3490.83
PDV007,2024-12-01,21971.6,47980.52,6882.57,3506.48
PDV007,2025-01-01,21877.56,47930.99,7200.9,3574.11
PDV007,2025-02-01,22689.6,47606.94,6968.08,3569.87
PDV007,2025-03-01,21570.75,48673.6,7296.89,3420.35
PDV007,2025-04-01,22314.61,49291.01,5974.57,3522.67
PDV007,2025-05-01,21884.55,49630.34,6068.3,3559.92
PDV007,2025-06-01,21156.66,49801.35,6525.93,3519.42
PDV007,2025-07-01,21478.48,46808.13,6123.75,3519.1
PDV007,2025-08-01,21517.32,49293.26,6241.29,3535.62
PDV007,2025-09-01,22037.93,47784.73,5947.64,3651.28
PDV007,2025-10-01,22043.12,48556.78,6557.37,3489.6
PDV007,2025-11-01,22109.58,47648.08,6061.77,3529.72
PDV007,2025-12-01,21702.35,49421.93,7035.66,3615.57
PDV008,2024-07-01,49893.26,66268.49,7027.58,3378.76
PDV008,2024-08-01,50903.75,66079.75,7608.73,3408.89
PDV008,2024-09-01,49530.79,69647.92,7191.76,3447.86
PDV008,2024-10-01,51185.51,65222.79,6610.99,3496.22
PDV008,2024-11-01,50807.8,68837.59,6762.07,3486.14
PDV008,2024-12-01,50082.81,68666.75,7720.62,3554.83
PDV008,2025-01-01,53880.96,68100.59,8261.96,3461.36
PDV008,2025-02-01,51857.05,65940.84,8147.16,3495.21
PDV008,2025-03-01,51303.82,67085.81,8331.49,3513.7
PDV008,2025-04-01,52372.28,65622.22,6925.57,3562.78
PDV008,2025-05-01,52424.59,69097.17,7072.46,3521.61
PDV008,2025-06-01,55177.48,67738.25,7285.0,3601.12
PDV008,2025-07-01,54070.15,68551.11,7086.0,3725.49
PDV008,2025-08-01,51434.96,67231.93,7263.44,3585.51
PDV008,2025-09-01,54316.95,73299.44,6722.91,3499.06
PDV008,2025-10-01,53597.77,68626.4,7847.46,3576.78
PDV008,2025-11-01,51696.99,67836.92,7261.82,3581.01
PDV008,2025-12-01,54489.9,69078.06,8206.34,3608.56
PDV009,2024-07-01,113698.71,109524.61,14346.89,6241.8
PDV009,2024-08-01,118580.23,111455.03,12670.32,6280.21
PDV009,2024-09-01,118154.87,115982.35,13858.92,6087.18
PDV009,2024-10-01,118948.19,110836.87,13937.08,6523.35
PDV009,2024-11-01,118832.03,114991.46,13825.44,6512.44
PDV009,2024-12-01,125915.69,112241.7,15391.62,6399.32
PDV009,2025-01-01,119374.24,116486.58,15925.19,6631.34
PDV009,2025-02-01,122280.4,114717.91,14282.9,6537.41
PDV009,2025-03-01,119435.62,121969.93,16355.17,6622.59
PDV009,2025-04-01,123961.87,117152.2,14155.77,6583.17
PDV009,2025-05-01,116779.33,114638.35,14095.67,6848.3
PDV009,2025-06-01,118995.09,109600.44,14143.42,6442.78
PDV009,2025-07-01,122363.38,118965.83,13872.4,6293.16
PDV009,2025-08-01,119298.56,118888.7,14087.82,6474.33
PDV009,2025-09-01,125699.97,112290.62,13159.74,6727.94
PDV009,2025-10-01,121534.09,119859.6,15178.34,6521.61
PDV009,2025-11-01,122360.04,119791.89,13959.52,6622.9
PDV009,2025-12-01,120182.9,116464.01,16526.11,6519.79
PDV010,2024-07-01,49495.85,72938.12,11729.8,4099.16
PDV010,2024-08-01,47837.57,74813.59,10628.44,4274.38
PDV010,2024-09-01,50299.29,75249.18,11658.85,4223.65
PDV010,2024-10-01,50691.43,74843.95,10263.02,4185.9
PDV010,2024-11-01,50383.51,73240.39,11551.87,4260.13
PDV010,2024-12-01,49678.81,73783.69,13133.79,4221.01
PDV010,2025-01-01,49778.44,73868.37,11692.37,4306.41
PDV010,2025-02-01,49963.42,71701.73,13035.82,4438.73
PDV010,2025-03-01,48314.28,76452.3,12782.41,4285.08
PDV010,2025-04-01,50548.49,72386.62,10813.32,4372.22
PDV010,2025-05-01,48548.95,74899.88,11579.47,4163.17
PDV010,2025-06-01,51973.92,74272.88,10928.95,4419.27
PDV010,2025-07-01,49957.87,75600.88,11776.99,4401.67
PDV010,2025-08-01,49952.84,78510.08,11058.66,4333.4
PDV010,2025-09-01,49075.78,75658.28,11521.61,4231.65
PDV010,2025-10-01,51262.39,78547.91,11134.56,4371.19
PDV010,2025-11-01,49641.72,73831.46,11436.86,4187.16
PDV010,2025-12-01,51261.6,76754.53,13316.19,4275.05
PDV011,2024-07-01,61521.86,71909.51,7407.76,3682.07
PDV011,2024-08-01,59950.22,72651.98,8279.27,3863.96
PDV011,2024-09-01,62706.78,73842.47,7437.87,3646.64
PDV011,2024-10-01,60883.1,74829.67,7411.41,3725.61
PDV011,2024-11-01,65933.83,74475.98,7453.56,3822.69
PDV011,2024-12-01,61118.31,73028.89,9273.41,3788.56
PDV011,2025-01-01,63672.7,75362.56,8432.13,3741.05
PDV011,2025-02-01,62329.84,73249.66,8283.78,3875.06
PDV011,2025-03-01,65477.39,71583.89,9699.96,3754.91
PDV011,2025-04-01,62362.01,76282.87,7866.94,3890.42
PDV011,2025-05-01,63159.96,73318.72,8192.91,3838.98
PDV011,2025-06-01,63733.66,77369.33,7746.0,3897.15
PDV011,2025-07-01,63709.37,75537.53,8021.73,3920.54
PDV011,2025-08-01,63088.68,74117.84,7557.98,3778.07
PDV011,2025-09-01,63455.69,77292.6,7788.67,3788.09
PDV011,2025-10-01,61923.56,77096.13,7575.93,3908.0
PDV011,2025-11-01,65081.55,77725.32,8150.47,3841.02
PDV011,2025-12-01,63638.91,76323.23,9591.61,3942.33
PDV012,2024-07-01,54962.2,77625.31,6894.02,3878.47
PDV012,2024-08-01,54903.3,78316.25,6702.55,3844.24
PDV012,2024-09-01,54250.88,75988.02,7755.7,3952.32
PDV012,2024-10-01,55073.48,79533.87,7783.17,3870.73
PDV012,2024-11-01,57672.08,79148.35,6912.15,3894.62
PDV012,2024-12-01,56221.0,80537.56,8379.29,3928.51
PDV012,2025-01-01,56538.81,79749.91,8532.53,4039.1
PDV012,2025-02-01,55556.57,81086.32,8325.66,4131.59
PDV012,2025-03-01,53931.36,80574.8,8699.97,3878.97
PDV012,2025-04-01,57313.96,77395.63,6956.37,3968.5
PDV012,2025-05-01,59250.68,80655.57,6941.35,3924.56
PDV012,2025-06-01,58267.38,82651.5,7479.21,3998.5
PDV012,2025-07-01,57030.47,80987.93,7258.28,4018.24
PDV012,2025-08-01,58338.11,81150.65,7863.31,3979.88
PDV012,2025-09-01,57302.34,80874.98,7040.35,4038.19
PDV012,2025-10-01,57891.34,81790.4,7134.73,4041.68
PDV012,2025-11-01,54716.69,82318.9,7393.3,4074.49
PDV012,2025-12-01,56862.05,78552.6,7981.39,3967.39
PDV013,2024-07-01,48149.13,78867.99,8832.94,4030.5
PDV013,2024-08-01,48447.54,78821.84,8295.12,3984.55
PDV013,2024-09-01,46812.58,82093.35,8555.32,3915.02
PDV013,2024-10-01,47507.23,82446.01,8269.06,4014.87
PDV013,2024-11-01,48023.43,81468.41,8231.36,3980.97
PDV013,2024-12-01,50289.79,83626.98,9592.05,4008.25
PDV013,2025-01-01,48977.2,81382.12,10078.97,3950.61
PDV013,2025-02-01,49013.92,83922.52,9461.24,3890.77
PDV013,2025-03-01,49485.39,79918.01,9759.57,3948.3
PDV013,2025-04-01,46371.1,82322.4,8634.67,3922.72
PDV013,2025-05-01,48500.73,83721.72,8697.71,3997.21
PDV013,2025-06-01,47656.59,83758.81,8638.05,3785.09
PDV013,2025-07-01,47139.31,80939.03,8475.8,3973.19
PDV013,2025-08-01,49050.81,84647.02,8691.4,3943.61
PDV013,2025-09-01,48939.6,80627.25,8548.18,4025.01
PDV013,2025-10-01,46669.15,80517.59,8786.93,3974.12
PDV013,2025-11-01,48287.27,89700.21,8894.28,4042.99
PDV013,2025-12-01,48809.04,84859.65,9986.59,4176.93
PDV014,2024-07-01,44401.92,62850.78,8238.03,4078.91
PDV014,2024-08-01,43727.71,61780.14,7837.56,4207.87
PDV014,2024-09-01,42746.22,59151.68,7762.76,4281.45
PDV014,2024-10-01,42876.73,60787.1,8389.75,4255.99
PDV014,2024-11-01,44796.11,60641.88,7894.36,4338.33
PDV014,2024-12-01,44286.76,62963.19,9028.46,4404.89
PDV014,2025-01-01,44349.51,61565.86,9021.7,4247.41
PDV014,2025-02-01,44348.63,60888.36,9291.16,4364.02
PDV014,2025-03-01,45289.01,62471.28,9429.8,4392.36
PDV014,2025-04-01,45573.15,64252.28,8013.11,4329.72
PDV014,2025-05-01,45463.29,61113.41,8806.01,4308.51
PDV014,2025-06-01,43212.64,63769.45,8279.65,4352.88
PDV014,2025-07-01,44878.98,62371.8,7844.64,4289.71
PDV014,2025-08-01,44549.45,61901.1,8010.85,4264.46
PDV014,2025-09-01,43721.53,64173.33,7958.58,4508.07
PDV014,2025-10-01,44476.05,62381.4,8110.06,4434.07
PDV014,2025-11-01,46218.19,63305.97,7496.69,4289.24
PDV014,2025-12-01,44526.65,63045.32,8911.61,4457.65
PDV015,2024-07-01,108695.92,114033.2,9219.68,4608.55
PDV015,2024-08-01,106907.24,118188.98,9297.22,4752.82
PDV015,2024-09-01,111593.11,113273.13,9060.86,4555.77
PDV015,2024-10-01,106952.37,113659.26,9193.07,4788.35
PDV015,2024-11-01,108797.17,117048.02,9257.8,4839.19
PDV015,2024-12-01,105712.54,113523.51,10897.52,4733.53
PDV015,2025-01-01,113345.83,114860.32,10522.46,4899.17
PDV015,2025-02-01,106744.68,115840.34,10883.03,4857.33
PDV015,2025-03-01,112179.9,114812.21,10752.85,4792.9
PDV015,2025-04-01,109946.79,117582.96,8973.89,4694.46
PDV015,2025-05-01,105794.64,117036.61,9531.35,4976.4
PDV015,2025-06-01,108893.31,117786.15,8735.64,4699.94
PDV015,2025-07-01,111266.29,122149.79,9585.04,4876.49
PDV015,2025-08-01,111202.47,116851.55,10022.61,4865.21
PDV015,2025-09-01,104179.41,115655.74,9750.44,4690.7
PDV015,2025-10-01,117702.71,114528.86,9135.05,4756.23
PDV015,2025-11-01,111801.74,120013.88,9681.17,4838.24
PDV015,2025-12-01,113558.06,120187.29,11502.14,4919.43
PDV016,2024-07-01,59140.01,72326.59,10151.76,4536.27
PDV016,2024-08-01,60565.37,74235.32,10328.49,4369.69
PDV016,2024-09-01,59168.55,73025.17,9258.84,4479.0
PDV016,2024-10-01,60163.53,73161.77,9231.59,4473.52
PDV016,2024-11-01,61234.21,74826.49,10010.65,4615.77
PDV016,2024-12-01,58489.87,73134.65,10798.66,4415.47
PDV016,2025-01-01,64338.51,74746.08,10947.63,4468.53
PDV016,2025-02-01,61229.5,76425.94,11242.78,4531.04
PDV016,2025-03-01,60287.38,74104.52,11397.42,4543.63
PDV016,2025-04-01,60170.12,70998.6,9673.77,4481.5
PDV016,2025-05-01,60907.4,76765.38,10788.01,4533.87
PDV016,2025-06-01,62000.93,74400.08,10645.38,4507.41
PDV016,2025-07-01,60636.21,74863.84,10383.75,4639.08
PDV016,2025-08-01,61565.55,75706.38,9570.64,4654.22
PDV016,2025-09-01,61960.57,82042.47,10097.96,4537.66
PDV016,2025-10-01,61030.63,75280.35,9784.15,4616.63
PDV016,2025-11-01,60711.0,74890.31,9994.56,4640.84
PDV016,2025-12-01,61408.03,78836.11,11601.55,4475.08
PDV017,2024-07-01,81928.11,87713.59,6847.72,3845.22
PDV017,2024-08-01,83609.89,86838.62,7871.21,3760.32
PDV017,2024-09-01,83385.01,88355.05,7145.2,3877.59
PDV017,2024-10-01,81185.23,87192.6,6819.68,3984.89
PDV017,2024-11-01,80203.18,87011.44,7326.47,3844.78
PDV017,2024-12-01,81951.8,90186.66,8211.73,3860.52
PDV017,2025-01-01,84793.44,85519.37,7883.91,3890.06
PDV017,2025-02-01,84972.22,86737.79,7980.25,3995.55
PDV017,2025-03-01,81829.79,87395.86,8224.42,3917.19
PDV017,2025-04-01,80040.73,86674.38,7396.12,3966.14
PDV017,2025-05-01,81185.92,87796.46,7045.58,3778.07
PDV017,2025-06-01,81942.48,85733.21,7159.45,3832.61
PDV017,2025-07-01,81323.04,83927.42,7428.54,3993.35
PDV017,2025-08-01,79622.48,88125.07,7033.31,3862.38
PDV017,2025-09-01,86266.63,88951.9,7554.34,3891.54
PDV017,2025-10-01,81729.69,91833.16,7179.78,4087.95
PDV017,2025-11-01,81548.94,91445.16,7310.8,4025.63
PDV017,2025-12-01,83161.46,86305.1,8306.25,3873.27
PDV018,2024-07-01,50815.56,62077.61,7220.48,4709.37
PDV018,2024-08-01,50891.59,61961.89,7404.11,4704.48
PDV018,2024-09-01,48050.0,63853.18,7402.46,4793.71
PDV018,2024-10-01,48610.0,61495.23,7212.65,4593.34
PDV018,2024-11-01,47121.49,62285.49,7550.2,4786.62
PDV018,2024-12-01,47179.74,64171.7,8451.51,4831.01
PDV018,2025-01-01,46758.65,63871.86,8644.21,4747.25
PDV018,2025-02-01,45418.81,65791.07,8587.03,4768.19
PDV018,2025-03-01,47284.23,65107.17,8309.95,4890.47
PDV018,2025-04-01,49318.93,64974.42,7774.68,4906.75
PDV018,2025-05-01,49631.13,65230.09,7930.48,4716.66
PDV018,2025-06-01,49583.37,66349.02,8066.47,4967.95
PDV018,2025-07-01,49417.21,67666.32,7390.52,4841.79
PDV018,2025-08-01,50461.9,67613.99,7653.0,4865.96
PDV018,2025-09-01,45643.11,63645.45,7411.54,4871.27
PDV018,2025-10-01,49362.61,63941.81,7872.81,4985.09
PDV018,2025-11-01,50481.08,64455.85,8355.96,5042.57
PDV018,2025-12-01,51542.88,66165.03,9029.81,4873.38
PDV019,2024-07-01,51237.02,82812.13,12031.98,4931.44
PDV019,2024-08-01,52130.74,81071.61,11926.25,4917.55
PDV019,2024-09-01,50732.37,81637.74,11682.16,5134.95
PDV019,2024-10-01,51142.95,81981.18,11760.41,4951.7
PDV019,2024-11-01,50622.08,82631.21,12284.89,4841.55
PDV019,2024-12-01,49601.75,85436.99,13804.13,4688.83
PDV019,2025-01-01,53244.01,81186.61,13900.36,4970.24
PDV019,2025-02-01,53263.78,81330.9,13954.99,5059.93
PDV019,2025-03-01,54479.26,82035.72,13482.32,4981.38
PDV019,2025-04-01,50247.78,82481.82,11702.53,5147.15
PDV019,2025-05-01,50749.63,82057.44,11276.82,4938.8
PDV019,2025-06-01,53430.23,85415.68,12389.57,4950.5
PDV019,2025-07-01,51729.09,83544.36,11340.8,5096.82
PDV019,2025-08-01,52786.58,81657.67,11561.14,4943.94
PDV019,2025-09-01,53258.14,83717.01,12283.03,5222.52
PDV019,2025-10-01,54461.08,85141.48,11984.82,4862.24
PDV019,2025-11-01,51905.3,85705.26,12406.38,4975.05
PDV019,2025-12-01,51314.25,82330.07,14733.48,5219.92
PDV020,2024-07-01,37637.72,60996.39,8438.33,4293.63
PDV020,2024-08-01,37905.4,61422.8,8974.96,4116.41
PDV020,2024-09-01,39169.63,62928.16,8886.5,4269.82
PDV020,2024-10-01,37212.77,61469.58,8963.08,4173.49
PDV020,2024-11-01,39235.26,62030.05,8607.77,4101.21
PDV020,2024-12-01,38006.89,61169.52,10093.04,4326.92
PDV020,2025-01-01,37171.9,63602.21,10972.62,4369.03
PDV020,2025-02-01,39475.37,59696.55,9743.92,4390.07
PDV020,2025-03-01,39234.33,62298.02,10559.75,4249.9
PDV020,2025-04-01,40175.17,61544.75,9760.57,4252.73
PDV020,2025-05-01,38426.76,61748.15,9366.4,4285.28
PDV020,2025-06-01,39490.88,63484.1,9257.39,4407.62
PDV020,2025-07-01,40468.98,62407.51,9277.17,4377.95
PDV020,2025-08-01,40333.03,63323.91,8862.69,4307.34
PDV020,2025-09-01,39793.28,61336.99,9216.91,4318.18
PDV020,2025-10-01,39988.73,65602.58,9155.66,4356.97
PDV020,2025-11-01,39348.78,60584.64,9445.55,4237.99
PDV020,2025-12-01,39976.36,63091.93,10494.26,4558.12
PDV021,2024-07-01,40660.76,59792.2,6758.12,3404.09
PDV021,2024-08-01,39330.93,62041.82,7147.15,3389.99
PDV021,2024-09-01,42171.98,62213.25,7240.28,3462.81
PDV021,2024-10-01,40648.82,60634.03,7069.95,3394.02
PDV021,2024-11-01,41327.25,60793.56,6966.4,3551.81
PDV021,2024-12-01,42023.89,62821.17,8233.92,3393.67
PDV021,2025-01-01,40516.3,59765.21,8122.26,3437.71
PDV021,2025-02-01,40508.27,63722.32,8676.2,3512.36
PDV021,2025-03-01,40606.97,61486.94,8443.29,3570.6
PDV021,2025-04-01,41317.72,62718.79,7383.85,3549.11
PDV021,2025-05-01,43706.78,61781.74,7246.9,3543.75
PDV021,2025-06-01,42884.24,63323.07,7171.77,3521.65
PDV021,2025-07-01,42842.27,62065.49,7130.66,3582.82
PDV021,2025-08-01,43997.41,62602.23,7668.29,3530.6
PDV021,2025-09-01,41745.63,64909.43,7517.87,3491.56
PDV021,2025-10-01,40612.82,61408.07,6945.87,3567.7
PDV021,2025-11-01,40815.34,63836.29,7269.34,3638.06
PDV021,2025-12-01,40575.14,64844.71,8619.65,3545.97
PDV022,2024-07-01,54863.31,94915.29,9416.91,3681.44
PDV022,2024-08-01,54787.43,91373.72,9481.18,3790.37
PDV022,2024-09-01,54655.64,97443.69,8936.25,3717.07
PDV022,2024-10-01,53564.03,95773.46,9580.09,3823.07
PDV022,2024-11-01,55488.09,96720.39,8870.35,3816.15
PDV022,2024-12-01,52885.22,96576.03,10656.34,3811.41
PDV022,2025-01-01,55801.53,94355.95,10788.82,3838.86
PDV022,2025-02-01,55662.15,96596.53,10599.77,3826.79
PDV022,2025-03-01,54871.05,100488.2,11279.35,3884.2
PDV022,2025-04-01,55775.34,95925.99,8706.82,3942.4
PDV022,2025-05-01,56423.76,96665.37,8646.75,3875.21
PDV022,2025-06-01,53904.68,96453.43,9304.62,3793.69
PDV022,2025-07-01,55238.26,96334.56,9375.8,3820.71
PDV022,2025-08-01,56287.18,100103.05,9033.97,3802.99
PDV022,2025-09-01,56692.64,94702.81,9133.05,3959.99
PDV022,2025-10-01,57214.47,98570.72,8458.61,3908.91
PDV022,2025-11-01,53915.94,96987.74,8762.37,3887.11
PDV022,2025-12-01,56409.93,99890.34,10893.77,3872.43
PDV023,2024-07-01,71645.62,87358.17,8365.21,4334.03
PDV023,2024-08-01,68960.74,88610.72,8906.23,4194.68
PDV023,2024-09-01,74091.08,83774.36,8635.39,4202.77
PDV023,2024-10-01,66806.4,85826.76,9142.45,4101.34
PDV023,2024-11-01,71948.36,88547.76,9159.86,4273.65
PDV023,2024-12-01,72095.89,89502.11,9749.82,4255.01
PDV023,2025-01-01,70543.24,86574.12,10796.5,4236.34
PDV023,2025-02-01,72792.57,86571.04,10039.22,4124.86
PDV023,2025-03-01,70706.38,87086.87,10635.13,4181.42
PDV023,2025-04-01,72809.24,87555.59,8737.55,4194.38
PDV023,2025-05-01,71486.82,87851.08,9049.08,4316.38
PDV023,2025-06-01,70217.61,86427.45,8989.19,4314.93
PDV023,2025-07-01,71329.23,89742.49,9450.9,4371.13
PDV023,2025-08-01,71031.09,90547.63,8950.53,4416.64
PDV023,2025-09-01,72521.56,93197.69,9043.53,4540.83
PDV023,2025-10-01,71218.15,89351.55,8980.01,4407.28
PDV023,2025-11-01,72088.33,89239.95,9231.17,4495.45
PDV023,2025-12-01,70652.93,91300.05,10970.31,4501.94
PDV024,2024-07-01,72403.48,81028.29,10717.92,4241.16
PDV024,2024-08-01,76715.1,89164.17,9478.04,4289.84
PDV024,2024-09-01,74174.51,80917.04,11118.86,4235.84
PDV024,2024-10-01,75032.72,86103.59,10479.6,4218.51
PDV024,2024-11-01,75010.29,83020.24,10580.08,4220.38
PDV024,2024-12-01,72890.54,84533.27,12083.72,4347.05
PDV024,2025-01-01,77131.31,84411.52,11718.15,4199.84
PDV024,2025-02-01,76819.19,84697.6,11855.99,4367.71
PDV024,2025-03-01,74524.81,86151.81,13240.17,4299.53
PDV024,2025-04-01,75481.83,82710.35,11480.25,4307.09
PDV024,2025-05-01,76729.68,86090.03,11360.56,4356.56
PDV024,2025-06-01,71652.76,89223.0,10303.8,4514.46
PDV024,2025-07-01,80284.82,84279.66,10805.81,4234.96
PDV024,2025-08-01,75628.14,84721.57,11486.41,4384.4
PDV024,2025-09-01,78024.98,88732.83,10198.45,4269.6
PDV024,2025-10-01,78314.48,88632.21,10699.05,4366.3
PDV024,2025-11-01,80797.99,87076.83,11664.89,4385.49
PDV024,2025-12-01,77340.41,89969.17,13512.59,4253.66
PDV025,2024-07-01,46361.3,69320.91,7938.41,3923.87
PDV025,2024-08-01,44996.38,72372.79,8355.73,3898.55
PDV025,2024-09-01,43768.33,75034.4,7850.68,3944.76
PDV025,2024-10-01,45732.37,71894.78,8415.48,3821.31
PDV025,2024-11-01,45710.73,73154.3,8423.51,3876.91
PDV025,2024-12-01,45411.98,75297.2,9968.79,3992.06
PDV025,2025-01-01,47149.9,71623.64,9414.22,3816.89
PDV025,2025-02-01,46104.48,73352.36,9573.65,3754.74
PDV025,2025-03-01,49287.07,74873.33,9019.21,3945.24
PDV025,2025-04-01,45093.84,70994.02,7830.14,3941.55
PDV025,2025-05-01,46133.74,76289.25,7784.61,3987.04
PDV025,2025-06-01,47789.35,72159.51,8199.32,3960.09
PDV025,2025-07-01,46473.04,71659.12,7765.2,3816.14
PDV025,2025-08-01,48269.63,75350.36,8245.09,4022.15
PDV025,2025-09-01,48337.76,73562.02,8702.44,4127.83
PDV025,2025-10-01,49600.93,74384.62,8405.86,3937.71
PDV025,2025-11-01,47821.75,78747.16,8881.94,3879.64
PDV025,2025-12-01,45831.68,73783.87,9943.49,4096.57
PDV026,2024-07-01,114093.3,114791.23,10684.4,5246.33
PDV026,2024-08-01,114764.54,115723.59,10474.38,5272.68
PDV026,2024-09-01,114055.97,114337.27,10728.55,5255.57
PDV026,2024-10-01,118047.93,118247.35,10048.3,5264.02
PDV026,2024-11-01,111770.1,111623.87,9830.28,5193.54
PDV026,2024-12-01,114734.24,116279.03,11381.94,5131.2
PDV026,2025-01-01,121637.01,119849.21,12453.9,5516.8
PDV026,2025-02-01,116692.07,116571.84,10890.8,5084.64
PDV026,2025-03-01,118964.09,119584.26,12007.6,5383.43
PDV026,2025-04-01,115385.93,116678.09,9669.04,5331.24
PDV026,2025-05-01,113191.88,117118.55,10284.93,5206.31
PDV026,2025-06-01,120311.72,119610.59,10847.26,5181.64
PDV026,2025-07-01,111773.28,114188.35,10590.93,5094.78
PDV026,2025-08-01,118323.55,123134.92,10740.21,5443.4
PDV026,2025-09-01,118139.32,120820.61,9876.64,5311.65
PDV026,2025-10-01,118008.46,119139.43,10925.25,5277.02
PDV026,2025-11-01,116474.81,117791.42,10630.54,5314.58
PDV026,2025-12-01,117623.97,118304.59,11585.72,5302.12
PDV027,2024-07-01,47068.1,75435.6,8019.22,4134.74
PDV027,2024-08-01,46614.53,75245.45,7792.55,4099.38
PDV027,2024-09-01,47090.06,75616.64,7749.6,4228.5
PDV027,2024-10-01,49498.35,78807.65,8293.34,4232.22
PDV027,2024-11-01,50011.02,75495.06,7492.58,4316.69
PDV027,2024-12-01,49493.32,77809.42,9802.27,4374.39
PDV027,2025-01-01,49694.88,76832.12,9036.13,4358.36
PDV027,2025-02-01,50090.64,76390.23,9083.72,4428.25
PDV027,2025-03-01,48803.99,75252.63,9615.79,4253.17
PDV027,2025-04-01,47079.1,76325.87,7566.74,4276.35
PDV027,2025-05-01,51245.22,76800.65,8392.29,4330.18
PDV027,2025-06-01,49551.31,75965.25,8153.45,4355.31
PDV027,2025-07-01,51063.6,74597.97,7265.16,4327.22
PDV027,2025-08-01,51449.9,78005.38,8688.53,4303.52
PDV027,2025-09-01,52202.85,78342.5,7711.94,4346.45
PDV027,2025-10-01,49609.88,79393.68,7961.09,4406.72
PDV027,2025-11-01,49482.4,78753.15,8211.35,4254.12
PDV027,2025-12-01,48892.41,78290.28,8899.47,4498.11
PDV028,2024-07-01,76142.84,93604.88,8719.75,4461.85
PDV028,2024-08-01,74434.91,96221.77,9265.31,4367.35
PDV028,2024-09-01,78025.52,95050.74,9689.31,4532.27
PDV028,2024-10-01,76867.5,96300.84,9001.62,4355.82
PDV028,2024-11-01,79826.72,95676.46,9821.34,4280.93
PDV028,2024-12-01,77036.35,92907.14,10245.77,4429.7
PDV028,2025-01-01,80212.75,95056.67,10289.81,4411.79
PDV028,2025-02-01,77638.18,95574.58,10138.43,4362.35
PDV028,2025-03-01,80867.47,94910.68,11122.45,4430.49
PDV028,2025-04-01,77772.41,93843.77,9616.09,4364.86
PDV028,2025-05-01,80300.51,97234.94,9805.88,4494.67
PDV028,2025-06-01,81158.43,95420.78,9689.28,4436.75
PDV028,2025-07-01,79350.18,99648.0,8611.99,4522.87
PDV028,2025-08-01,78069.32,95999.16,9817.02,4477.26
PDV028,2025-09-01,80394.29,100256.11,9015.33,4543.07
PDV028,2025-10-01,82159.23,98231.75,8974.23,4492.4
PDV028,2025-11-01,81056.09,97222.27,9260.94,4444.0
PDV028,2025-12-01,86820.77,99213.23,10420.47,4600.69
PDV029,2024-07-01,52328.54,78505.42,9631.63,4237.92
PDV029,2024-08-01,52260.49,77696.0,9518.59,4397.49
PDV029,2024-09-01,50209.53,79501.09,9242.78,4317.64
PDV029,2024-10-01,51042.58,76559.23,10136.77,4456.88
PDV029,2024-11-01,51367.49,78004.08,9325.0,4457.9
PDV029,2024-12-01,51537.48,80175.17,10640.08,4351.72
PDV029,2025-01-01,49055.24,76599.36,11376.32,4306.33
PDV029,2025-02-01,54420.42,77484.65,11818.46,4340.99
PDV029,2025-03-01,52979.79,79907.53,11524.6,4314.34
PDV029,2025-04-01,54129.73,79192.03,9171.85,4503.57
PDV029,2025-05-01,52974.55,78918.58,9710.71,4470.36
PDV029,2025-06-01,50354.22,78226.82,9720.69,4400.23
PDV029,2025-07-01,49491.73,77720.13,10431.75,4562.31
PDV029,2025-08-01,55618.28,79615.78,10406.54,4651.32
PDV029,2025-09-01,54841.56,79469.74,10113.41,4565.54
PDV029,2025-10-01,54154.77,79282.63,9765.09,4478.63
PDV029,2025-11-01,51546.77,78920.62,9868.77,4465.56
PDV029,2025-12-01,53301.11,81900.85,11563.66,4414.87
PDV030,2024-07-01,44055.81,63406.94,6835.29,4314.31
PDV030,2024-08-01,43075.93,62974.65,7270.7,4427.72
PDV030,2024-09-01,43968.65,64067.35,7132.04,4415.82
PDV030,2024-10-01,43673.15,63661.67,6945.79,4435.51
PDV030,2024-11-01,45161.5,63380.36,7304.5,4550.92
PDV030,2024-12-01,45341.78,59635.03,8361.51,4573.08
PDV030,2025-01-01,43742.21,62792.5,8146.18,4331.68
PDV030,2025-02-01,45298.66,63552.31,8350.33,4343.25
PDV030,2025-03-01,46371.4,63146.87,8771.17,4384.2
PDV030,2025-04-01,47542.15,63099.21,7318.86,4395.38
PDV030,2025-05-01,45235.04,62875.13,7113.73,4686.9
PDV030,2025-06-01,45992.73,63543.51,8014.27,4509.79
PDV030,2025-07-01,47371.08,64789.16,6783.17,4622.93
PDV030,2025-08-01,47110.88,65105.44,7046.39,4677.65
PDV030,2025-09-01,46089.04,62478.12,7602.9,4487.22
PDV030,2025-10-01,44904.34,67095.56,7620.19,4590.14
PDV030,2025-11-01,47230.58,64250.86,7593.11,4639.06
PDV030,2025-12-01,45915.36,66153.64,8796.2,4785.73
PDV031,2024-07-01,42864.79,64332.07,7875.98,3484.7
PDV031,2024-08-01,43173.08,63275.82,7681.54,3540.68
PDV031,2024-09-01,44214.27,64098.46,8200.41,3507.99
PDV031,2024-10-01,44775.21,62839.82,8064.4,3399.97
PDV031,2024-11-01,45796.69,62729.6,7921.58,3498.96
PDV031,2024-12-01,46065.3,63563.95,9964.71,3637.33
PDV031,2025-01-01,44354.96,64818.69,9201.85,3640.47
PDV031,2025-02-01,44699.86,61315.75,9445.79,3630.92
PDV031,2025-03-01,46182.44,64288.81,9683.97,3512.81
PDV031,2025-04-01,43505.73,64408.58,8372.98,3645.59
PDV031,2025-05-01,44310.35,62453.47,8225.46,3605.46
PDV031,2025-06-01,43383.5,62870.58,8584.24,3552.04
PDV031,2025-07-01,45769.81,63492.24,8474.48,3754.53
PDV031,2025-08-01,44660.99,68096.37,9047.12,3682.3
PDV031,2025-09-01,45042.35,64207.26,8666.4,3743.56
PDV031,2025-10-01,44525.41,65694.98,8384.1,3662.15
PDV031,2025-11-01,46469.99,65518.43,8756.84,3673.86
PDV031,2025-12-01,46556.53,65850.23,10272.09,3611.77
PDV032,2024-07-01,50390.82,75531.57,8197.0,3304.75
PDV032,2024-08-01,52817.83,71987.26,8187.44,3217.58
PDV032,2024-09-01,53080.1,74036.16,8440.01,3371.61
PDV032,2024-10-01,53645.49,77225.69,7869.22,3450.2
PDV032,2024-11-01,52246.14,78699.96,8000.96,3444.23
PDV032,2024-12-01,56625.13,75268.92,10312.75,3315.88
PDV032,2025-01-01,54515.89,75523.48,9527.0,3374.64
PDV032,2025-02-01,55083.97,76416.47,10172.39,3455.55
PDV032,2025-03-01,55081.97,73994.15,9386.61,3459.91
PDV032,2025-04-01,55858.13,77817.29,8780.24,3404.66
PDV032,2025-05-01,55529.03,79179.32,8329.84,3407.03
PDV032,2025-06-01,56501.29,76967.79,8700.65,3385.17
PDV032,2025-07-01,55871.78,75721.19,8677.55,3340.84
PDV032,2025-08-01,57514.13,78023.17,9401.49,3373.08
PDV032,2025-09-01,57377.02,83998.74,8810.76,3438.38
PDV032,2025-10-01,57686.37,77267.34,8000.87,3488.84
PDV032,2025-11-01,56712.84,75641.16,8149.09,3500.2
PDV032,2025-12-01,55124.62,76327.41,9847.75,3366.88
PDV033,2024-07-01,70571.81,69421.73,7274.24,3654.45
PDV033,2024-08-01,70361.02,71277.08,7072.53,3654.18
PDV033,2024-09-01,72014.86,73422.32,7263.75,3597.87
PDV033,2024-10-01,70319.8,72993.56,6939.91,3620.14
PDV033,2024-11-01,69983.73,74947.8,7336.76,3694.46
PDV033,2024-12-01,70690.26,71639.56,9058.94,3782.19
PDV033,2025-01-01,71684.57,72795.89,8334.29,3741.32
PDV033,2025-02-01,70105.49,75568.98,8563.19,3683.23
PDV033,2025-03-01,69523.2,74043.58,8505.03,3752.12
PDV033,2025-04-01,73624.07,75651.26,7336.17,3677.06
PDV033,2025-05-01,70859.53,75236.19,7251.76,3796.01
PDV033,2025-06-01,72064.35,75990.31,7285.03,3812.62
PDV033,2025-07-01,74735.32,73036.07,7300.17,3813.44
PDV033,2025-08-01,74215.6,74177.82,7571.46,3729.54
PDV033,2025-09-01,70546.63,77188.01,7857.67,3795.05
PDV033,2025-10-01,72960.53,76278.68,7154.24,3748.94
PDV033,2025-11-01,72803.37,75470.54,7550.67,3772.36
PDV033,2025-12-01,70617.0,74479.74,8718.23,3972.08
PDV034,2024-07-01,81982.23,110481.89,10304.59,5338.39
PDV034,2024-08-01,81455.38,111428.2,10459.27,5567.79
PDV034,2024-09-01,82186.75,109761.81,10021.29,5530.51
PDV034,2024-10-01,82770.15,111225.91,10653.72,5718.82
PDV034,2024-11-01,83964.02,108421.73,9899.46,5620.35
PDV034,2024-12-01,83795.09,111042.74,11701.14,5624.43
PDV034,2025-01-01,83242.38,113100.51,12015.98,5748.11
PDV034,2025-02-01,82536.87,113001.12,12969.42,5785.94
PDV034,2025-03-01,83170.49,110100.19,11469.78,5590.84
PDV034,2025-04-01,81537.14,111130.8,10305.01,5821.5
PDV034,2025-05-01,83866.09,110008.54,10652.88,5889.8
PDV034,2025-06-01,88433.56,111928.74,11310.45,5697.43
PDV034,2025-07-01,86185.99,114682.0,10377.19,5711.92
PDV034,2025-08-01,82137.27,107635.77,10770.45,5496.0
PDV034,2025-09-01,85738.77,110737.39,10918.01,5458.9
PDV034,2025-10-01,84074.5,113776.03,10995.94,5665.46
PDV034,2025-11-01,83817.69,112128.89,10710.65,5705.26
PDV034,2025-12-01,86716.75,111895.51,11716.96,5735.42
PDV035,2024-07-01,52252.05,79132.48,6982.93,3530.0
PDV035,2024-08-01,53727.47,82402.14,6847.31,3623.24
PDV035,2024-09-01,52354.01,82074.54,7021.65,3680.16
PDV035,2024-10-01,53917.38,81590.1,6870.92,3697.72
PDV035,2024-11-01,53637.07,81222.53,6953.09,3689.49
PDV035,2024-12-01,56529.58,84827.5,8103.83,3547.13
PDV035,2025-01-01,55638.08,82448.08,8196.79,3655.03
PDV035,2025-02-01,53076.05,81272.1,7430.41,3778.27
PDV035,2025-03-01,55071.97,85111.31,8032.89,3632.97
PDV035,2025-04-01,55128.5,82290.11,7373.03,3677.85
PDV035,2025-05-01,55484.33,78336.43,7025.72,3733.35
PDV035,2025-06-01,57312.59,85730.95,7465.73,3744.8
PDV035,2025-07-01,56022.43,84604.89,7003.13,3860.06
PDV035,2025-08-01,56254.52,83400.47,7141.14,3785.75
PDV035,2025-09-01,54190.46,81061.4,7225.64,3707.06
PDV035,2025-10-01,52545.01,85043.34,7628.46,3839.48
PDV035,2025-11-01,58216.37,85378.8,7111.73,3669.98
PDV035,2025-12-01,56981.74,84498.72,7981.18,3784.79
PDV036,2024-07-01,58613.82,73078.41,7274.78,4150.35
PDV036,2024-08-01,58137.06,70802.94,8097.2,4269.3
PDV036,2024-09-01,61244.38,70183.67,7636.31,4268.3
PDV036,2024-10-01,62391.2,68543.11,7018.74,4298.06
PDV036,2024-11-01,61948.24,68439.24,8095.42,4358.89
PDV036,2024-12-01,58301.24,73642.77,9383.88,4296.63
PDV036,2025-01-01,60894.41,71207.61,8316.15,4284.55
PDV036,2025-02-01,59282.38,72210.45,8080.85,4308.02
PDV036,2025-03-01,61257.87,69437.51,9519.79,4595.42
PDV036,2025-04-01,60948.04,70772.22,7944.96,4313.53
PDV036,2025-05-01,62010.5,72666.82,7957.47,4589.88
PDV036,2025-06-01,63450.92,69936.02,7797.78,4398.29
PDV036,2025-07-01,62400.25,71198.75,8614.0,4335.68
PDV036,2025-08-01,64192.14,69459.6,7709.45,4483.7
PDV036,2025-09-01,60859.05,71849.95,7928.3,4587.51
PDV036,2025-10-01,59376.13,71580.25,7598.97,4409.02
PDV036,2025-11-01,63104.7,70445.55,8114.3,4432.68
PDV036,2025-12-01,61169.12,73441.76,8556.39,4396.16
PDV037,2024-07-01,55142.01,63013.14,8040.47,4093.45
PDV037,2024-08-01,55576.35,64596.76,8375.23,4071.83
PDV037,2024-09-01,56036.22,66494.68,8076.16,4100.97
PDV037,2024-10-01,57704.81,62504.2,7935.1,4188.41
PDV037,2024-11-01,55529.87,63888.95,7732.27,4100.95
PDV037,2024-12-01,58414.46,65371.53,8746.65,4309.89
PDV037,2025-01-01,56216.81,62137.96,8989.32,4051.53
PDV037,2025-02-01,57225.37,64244.95,9038.75,4208.14
PDV037,2025-03-01,56789.45,65048.04,9590.44,4090.23
PDV037,2025-04-01,61140.39,62140.16,7479.95,4172.63
PDV037,2025-05-01,56489.96,62079.73,8104.42,4081.46
PDV037,2025-06-01,57031.82,64914.99,7629.87,4060.68
PDV037,2025-07-01,58072.32,63891.41,8214.19,4197.29
PDV037,2025-08-01,57535.23,64129.03,8429.38,4016.2
PDV037,2025-09-01,58679.75,64315.99,7971.04,4241.71
PDV037,2025-10-01,58280.84,64311.46,8104.64,4225.73
PDV037,2025-11-01,58091.73,64956.48,7867.09,4281.97
PDV037,2025-12-01,57870.73,67419.44,9828.06,4243.12
PDV038,2024-07-01,48286.74,87964.86,6737.13,4521.99
PDV038,2024-08-01,46357.23,86256.08,6594.54,4504.42
PDV038,2024-09-01,47369.73,83076.43,6977.97,4680.43
PDV038,2024-10-01,47303.11,85168.0,6838.31,4540.19
PDV038,2024-11-01,47563.09,83048.43,6843.3,4552.2
PDV038,2024-12-01,50716.6,85050.47,8244.23,4657.58
PDV038,2025-01-01,49056.81,86617.56,7958.9,4632.27
PDV038,2025-02-01,49620.08,82939.97,7884.59,4703.28
PDV038,2025-03-01,50406.27,82943.39,7554.7,4609.51
PDV038,2025-04-01,47910.95,88172.14,7080.59,4648.91
PDV038,2025-05-01,49047.18,87123.07,7159.34,4655.7
PDV038,2025-06-01,50248.1,89976.85,7315.9,4642.45
PDV038,2025-07-01,50315.22,87914.34,7997.07,4682.05
PDV038,2025-08-01,49699.9,83592.84,7159.89,4539.41
PDV038,2025-09-01,50613.22,89096.28,7145.32,4875.82
PDV038,2025-10-01,50569.46,85122.88,7064.26,4805.65
PDV038,2025-11-01,51100.42,86796.49,7565.74,4841.74
PDV038,2025-12-01,52614.69,87982.13,8477.23,4650.93
PDV039,2024-07-01,31059.64,39461.69,5124.92,3011.61
PDV039,2024-08-01,30392.1,39618.57,5308.47,3175.79
PDV039,2024-09-01,31672.98,38021.2,5027.78,3106.42
PDV039,2024-10-01,30920.78,40070.74,5244.55,3008.08
PDV039,2024-11-01,31287.43,38805.86,5628.81,3118.29
PDV039,2024-12-01,30511.06,38990.96,5829.18,3182.56
PDV039,2025-01-01,30492.83,37602.42,6468.47,3103.88
PDV039,2025-02-01,31104.77,38180.97,6990.76,3114.16
PDV039,2025-03-01,30657.59,39568.7,6408.33,3136.59
PDV039,2025-04-01,32171.65,36977.99,5445.61,3230.45
PDV039,2025-05-01,31848.88,39575.54,5555.08,3095.8
PDV039,2025-06-01,31699.34,40035.42,5736.51,3212.82
PDV039,2025-07-01,30608.74,39950.0,5232.11,3208.59
PDV039,2025-08-01,30480.53,38562.94,5568.18,3227.45
PDV039,2025-09-01,31652.4,42860.73,5256.46,3191.41
PDV039,2025-10-01,31518.72,40315.78,5693.45,3192.09
PDV039,2025-11-01,32177.34,40067.33,5456.41,3251.1
PDV039,2025-12-01,32387.25,41011.31,6465.35,3095.16
PDV040,2024-07-01,90019.79,104721.02,9926.78,5916.98
PDV040,2024-08-01,91029.38,104110.24,9615.43,5915.74
PDV040,2024-09-01,86718.48,105196.87,10025.15,6155.72
PDV040,2024-10-01,90955.4,101305.85,10522.23,5921.2
PDV040,2024-11-01,87880.95,102749.53,10399.67,5955.45
PDV040,2024-12-01,95063.73,106848.96,13022.09,5888.14
PDV040,2025-01-01,90563.61,108044.07,12482.99,6126.51
PDV040,2025-02-01,94363.82,103635.03,11913.57,6126.03
PDV040,2025-03-01,90350.88,109937.78,11912.5,6036.32
PDV040,2025-04-01,88389.67,102457.89,10730.9,6145.42
PDV040,2025-05-01,91676.65,107655.44,10432.22,5989.47
PDV040,2025-06-01,97290.83,105175.35,9783.65,5942.81
PDV040,2025-07-01,95130.28,102858.99,10170.05,6148.42
PDV040,2025-08-01,93826.12,108267.38,10175.6,5830.19
PDV040,2025-09-01,93456.94,108565.67,9799.55,5977.41
PDV040,2025-10-01,92046.78,103799.24,11146.33,6120.84
PDV040,2025-11-01,92753.97,115487.13,10349.48,6033.2
PDV040,2025-12-01,99218.5,105922.74,12132.73,6069.82
PDV041,2024-07-01,30603.75,56762.49,5795.31,3296.39
PDV041,2024-08-01,30487.21,58768.3,5660.64,3364.0
PDV041,2024-09-01,29878.57,58268.59,5432.8,3359.67
PDV041,2024-10-01,30159.48,57487.32,6107.31,3173.74
PDV041,2024-11-01,30203.4,59770.06,5586.72,3316.19
PDV041,2024-12-01,30609.79,57614.76,6455.89,3398.67
PDV041,2025-01-01,29471.54,58701.8,6880.73,3358.25
PDV041,2025-02-01,30550.65,59627.43,6806.32,3261.76
PDV041,2025-03-01,31810.58,59897.92,7019.7,3323.26
PDV041,2025-04-01,30393.78,58886.62,6380.59,3430.44
PDV041,2025-05-01,29921.62,60058.94,5891.67,3406.51
PDV041,2025-06-01,32492.73,58673.74,5272.72,3449.55
PDV041,2025-07-01,30877.19,60526.88,6181.21,3454.71
PDV041,2025-08-01,30197.52,59145.67,5913.46,3449.37
PDV041,2025-09-01,30673.57,61733.54,6032.09,3449.21
PDV041,2025-10-01,30815.68,59999.18,6228.8,3448.72
PDV041,2025-11-01,31106.2,62483.15,5703.79,3407.7
PDV041,2025-12-01,31059.93,60215.48,6332.93,3422.0
PDV042,2024-07-01,47349.33,70990.08,8503.76,4018.35
PDV042,2024-08-01,48537.8,72904.79,7746.44,3916.75
PDV042,2024-09-01,51147.94,72459.67,8252.98,3914.24
PDV042,2024-10-01,51877.7,73363.82,7744.25,3813.88
PDV042,2024-11-01,51042.6,71520.93,7385.82,3857.63
PDV042,2024-12-01,50851.13,72444.11,8917.6,3975.99
PDV042,2025-01-01,51314.27,75096.63,9375.29,3889.67
PDV042,2025-02-01,50795.67,74988.88,9342.96,3902.69
PDV042,2025-03-01,49048.45,76099.03,9293.8,4037.7
PDV042,2025-04-01,50170.35,76904.88,7472.97,3998.23
PDV042,2025-05-01,49822.21,74472.01,8245.75,3903.46
PDV042,2025-06-01,49285.3,74594.9,8321.27,3934.3
PDV042,2025-07-01,49628.58,73770.73,7992.8,3933.02
PDV042,2025-08-01,49235.39,72655.58,8321.1,4019.26
PDV042,2025-09-01,50091.41,75722.37,7402.05,3962.07
PDV042,2025-10-01,50546.23,76662.56,8353.99,4003.99
PDV042,2025-11-01,50832.67,74848.68,7622.38,4066.1
PDV042,2025-12-01,49920.29,75293.76,9318.23,4027.98
PDV043,2024-07-01,122099.82,115914.63,8319.56,5658.76
PDV043,2024-08-01,116733.16,115410.42,8958.52,5856.94
PDV043,2024-09-01,123735.55,116641.46,9563.67,5771.02
PDV043,2024-10-01,125368.87,118379.72,8656.81,5673.99
PDV043,2024-11-01,126121.19,115876.2,9179.91,5680.04
PDV043,2024-12-01,120369.08,118685.48,10505.47,5769.62
PDV043,2025-01-01,118712.63,117836.31,10284.82,5791.24
PDV043,2025-02-01,123442.2,119685.96,10509.81,5672.97
PDV043,2025-03-01,128383.04,121631.7,9957.64,5816.24
PDV043,2025-04-01,118315.45,113823.9,8491.88,5888.55
PDV043,2025-05-01,122171.02,119011.78,9097.46,5869.36
PDV043,2025-06-01,126806.73,117778.58,9137.22,5950.38
PDV043,2025-07-01,114762.09,117113.16,9769.71,5817.25
PDV043,2025-08-01,119654.97,121378.1,9131.59,5804.69
PDV043,2025-09-01,121415.36,118350.74,9933.48,6133.67
PDV043,2025-10-01,125032.09,117473.86,9554.37,5798.1
PDV043,2025-11-01,126167.24,120410.94,8928.05,5858.33
PDV043,2025-12-01,127250.0,125894.19,10560.44,5895.88
PDV044,2024-07-01,42166.43,55275.5,6509.6,4409.58
PDV044,2024-08-01,40277.05,54767.59,6886.85,4660.64
PDV044,2024-09-01,40766.03,55887.19,6639.02,4571.81
PDV044,2024-10-01,40737.77,56647.62,6638.12,4571.5
PDV044,2024-11-01,41137.46,55789.46,7102.25,4425.69
PDV044,2024-12-01,40830.85,55864.05,7504.01,4597.04
PDV044,2025-01-01,42813.4,55632.11,7989.67,4527.25
PDV044,2025-02-01,40594.47,58094.71,7772.12,4316.05
PDV044,2025-03-01,41234.47,55628.31,7704.06,4449.6
PDV044,2025-04-01,42034.7,56637.26,7443.98,4737.04
PDV044,2025-05-01,41103.32,55084.09,7089.87,4600.98
PDV044,2025-06-01,42838.53,56294.05,6774.19,4750.07
PDV044,2025-07-01,44511.29,55477.04,7439.4,4586.67
PDV044,2025-08-01,41876.67,56805.24,7366.41,4621.21
PDV044,2025-09-01,42434.02,55331.22,7052.68,4886.53
PDV044,2025-10-01,41757.26,58736.5,7174.36,4333.71
PDV044,2025-11-01,43695.49,56134.04,6897.64,4742.65
PDV044,2025-12-01,44231.62,58981.9,8489.48,4626.92
PDV045,2024-07-01,78442.4,101673.29,9046.45,4847.81
PDV045,2024-08-01,81162.59,101645.41,8846.66,4977.53
PDV045,2024-09-01,79519.49,103627.06,8352.08,4960.47
PDV045,2024-10-01,80251.17,99931.86,9039.0,4965.32
PDV045,2024-11-01,83819.92,102750.74,8855.59,4885.3
PDV045,2024-12-01,79919.63,100875.17,10837.7,4940.43
PDV045,2025-01-01,81467.93,104451.99,9773.41,5072.63
PDV045,2025-02-01,85150.86,101892.07,10088.78,4976.54
PDV045,2025-03-01,80026.79,104504.46,9470.42,4990.92
PDV045,2025-04-01,81341.44,103458.72,8296.74,5102.35
PDV045,2025-05-01,78488.2,104042.44,9020.45,5169.41
PDV045,2025-06-01,83964.47,106586.51,9451.86,4989.7
PDV045,2025-07-01,82280.49,103018.47,9082.7,4957.22
PDV045,2025-08-01,83213.75,104974.84,8878.23,4942.97
PDV045,2025-09-01,80659.72,108002.07,9358.85,5146.22
PDV045,2025-10-01,80562.79,106557.85,9865.43,5128.11
PDV045,2025-11-01,82900.76,102465.07,8873.58,5242.5
PDV045,2025-12-01,82834.09,107822.57,10556.36,5102.58
PDV046,2024-07-01,34793.18,51535.25,6303.61,3695.39
PDV046,2024-08-01,37812.77,51886.5,6130.8,3657.62
PDV046,2024-09-01,38002.11,52380.69,6031.79,3806.15
PDV046,2024-10-01,36034.74,53801.7,5645.04,3717.34
PDV046,2024-11-01,37837.12,52177.61,6312.7,3650.61
PDV046,2024-12-01,37720.43,50236.86,6802.4,3904.61
PDV046,2025-01-01,36440.6,54452.9,7029.2,3761.14
PDV046,2025-02-01,36303.79,50772.94,6802.71,3748.01
PDV046,2025-03-01,40154.25,54365.09,6824.5,3855.92
PDV046,2025-04-01,37811.17,52835.36,6420.14,3915.61
PDV046,2025-05-01,37704.29,55728.71,6429.72,3800.53
PDV046,2025-06-01,38228.23,55206.7,6245.83,3823.96
PDV046,2025-07-01,37393.88,55397.73,6408.88,3796.13
PDV046,2025-08-01,38546.32,54340.46,6414.33,3931.52
PDV046,2025-09-01,37679.43,54102.5,6140.34,3983.04
PDV046,2025-10-01,38161.14,54747.88,6060.09,4092.1
PDV046,2025-11-01,39971.09,55289.82,6486.04,3767.08
PDV046,2025-12-01,39340.22,53152.76,6937.46,3812.37
PDV047,2024-07-01,109823.31,130723.31,12850.78,4136.57
PDV047,2024-08-01,116249.39,127206.05,11446.25,4295.99
PDV047,2024-09-01,110085.35,126882.04,11769.25,4290.14
PDV047,2024-10-01,112331.05,127084.67,13443.24,4141.66
PDV047,2024-11-01,114312.36,128375.91,12471.54,4279.59
PDV047,2024-12-01,115813.18,134162.16,14679.25,4401.52
PDV047,2025-01-01,113553.77,133757.27,13753.47,4347.04
PDV047,2025-02-01,115761.67,130891.55,14109.95,4242.62
PDV047,2025-03-01,114926.26,129530.53,13671.2,4439.71
PDV047,2025-04-01,116846.33,134601.04,13001.78,4332.3
PDV047,2025-05-01,116940.47,127830.32,13087.28,4322.69
PDV047,2025-06-01,112610.19,130345.22,12984.69,4272.82
PDV047,2025-07-01,117135.89,134735.99,13371.2,4208.27
PDV047,2025-08-01,112266.77,130471.44,12479.87,4246.5
PDV047,2025-09-01,118272.76,131724.04,12863.74,4239.32
PDV047,2025-10-01,122329.16,128648.68,13005.68,4341.72
PDV047,2025-11-01,119511.01,125938.07,13174.55,4384.95
PDV047,2025-12-01,122691.73,135414.54,14522.36,4306.69
PDV048,2024-07-01,88086.82,90372.24,7607.79,4181.67
PDV048,2024-08-01,92000.98,89517.14,7121.15,4050.65
PDV048,2024-09-01,89524.12,89775.4,6847.38,4220.4
PDV048,2024-10-01,86024.3,87724.08,6506.08,4111.87
PDV048,2024-11-01,90400.08,87761.2,7798.67,4139.26
PDV048,2024-12-01,88993.32,89997.88,8261.46,4291.09
PDV048,2025-01-01,91583.71,86929.74,8392.46,4206.01
PDV048,2025-02-01,93432.79,88054.03,7976.61,4209.89
PDV048,2025-03-01,88850.13,88673.02,8506.57,4042.25
PDV048,2025-04-01,88407.75,88582.43,7156.26,4107.68
PDV048,2025-05-01,91284.15,86951.37,6815.17,4227.94
PDV048,2025-06-01,88772.52,89361.66,7338.84,4071.71
PDV048,2025-07-01,98055.85,87418.87,7097.84,4309.45
PDV048,2025-08-01,90520.39,91178.91,7360.7,4274.47
PDV048,2025-09-01,95823.43,84357.01,7304.57,4332.98
PDV048,2025-10-01,88694.66,89376.39,7136.7,4446.79
PDV048,2025-11-01,96235.53,89964.19,7128.57,4238.58
PDV048,2025-12-01,91418.4,89982.65,8570.89,4403.66
PDV049,2024-07-01,64826.0,93576.36,9765.01,5139.6
PDV049,2024-08-01,64860.11,91951.46,9648.94,5030.29
PDV049,2024-09-01,66374.94,93100.23,8846.63,5142.12
PDV049,2024-10-01,63015.98,95034.31,9247.25,5150.36
PDV049,2024-11-01,62304.18,93668.73,9406.17,5040.92
PDV049,2024-12-01,67611.82,95186.95,11407.61,5056.58
PDV049,2025-01-01,64622.76,94322.2,10619.12,5174.77
PDV049,2025-02-01,62499.6,93070.87,10879.95,5199.82
PDV049,2025-03-01,64648.97,94352.88,10424.6,5185.82
PDV049,2025-04-01,67142.67,95144.68,9935.8,5268.98
PDV049,2025-05-01,64708.85,96452.58,9576.36,5311.78
PDV049,2025-06-01,66172.33,94958.46,9606.3,5273.67
PDV049,2025-07-01,66644.05,94300.74,9603.51,5389.3
PDV049,2025-08-01,65855.4,99662.29,9733.56,5347.3
PDV049,2025-09-01,70265.8,95091.24,10663.53,5290.89
PDV049,2025-10-01,65402.54,96266.49,10028.75,5269.88
PDV049,2025-11-01,70164.02,96998.25,10431.46,5375.81
PDV049,2025-12-01,65868.18,93729.05,11976.01,5164.04
PDV050,2024-07-01,54122.99,58724.83,6739.66,3207.81
PDV050,2024-08-01,54410.31,59460.12,6605.11,3273.88
PDV050,2024-09-01,54451.28,58116.12,6340.87,3217.41
PDV050,2024-10-01,54931.62,60893.8,6411.33,3313.19
PDV050,2024-11-01,55345.18,57923.47,6726.02,3339.8
PDV050,2024-12-01,56415.7,59278.23,7796.87,3296.51
PDV050,2025-01-01,53597.87,60062.39,7687.58,3365.21
PDV050,2025-02-01,55450.97,60015.57,7547.01,3305.16
PDV050,2025-03-01,57332.62,61401.62,7914.88,3386.52
PDV050,2025-04-01,56217.52,59896.46,6632.02,3437.7
PDV050,2025-05-01,55291.45,61188.49,6262.57,3381.43
PDV050,2025-06-01,55679.61,62022.97,7186.13,3427.17
PDV050,2025-07-01,58443.75,60458.0,6955.09,3381.08
PDV050,2025-08-01,56457.57,63597.84,6873.31,3370.4
PDV050,2025-09-01,55300.91,60735.56,6682.63,3377.64
PDV050,2025-10-01,55666.15,61841.4,7022.26,3499.01
PDV050,2025-11-01,57100.13,60922.39,6737.56,3460.73
PDV050,2025-12-01,60227.84,61877.85,8512.96,3493.71
PDV051,2024-07-01,23991.36,48494.48,5959.34,3575.03
PDV051,2024-08-01,22977.7,51249.39,6192.51,3630.09
PDV051,2024-09-01,23514.42,49265.51,5701.9,3569.48
PDV051,2024-10-01,24187.12,49576.53,5918.44,3587.5
PDV051,2024-11-01,24004.81,51445.25,6145.12,3778.95
PDV051,2024-12-01,23881.1,51003.54,6686.22,3543.35
PDV051,2025-01-01,24852.52,49100.1,7191.34,3627.73
PDV051,2025-02-01,24779.99,50028.64,7272.21,3583.77
PDV051,2025-03-01,24238.95,49297.34,6960.25,3736.39
PDV051,2025-04-01,24448.37,50351.33,6146.88,3641.2
PDV051,2025-05-01,23569.71,51920.07,6662.55,3604.48
PDV051,2025-06-01,24388.72,49580.62,6169.85,3783.65
PDV051,2025-07-01,24931.74,53165.63,6410.11,3547.83
PDV051,2025-08-01,25397.22,51865.16,6374.01,3881.53
PDV051,2025-09-01,25061.26,50877.35,6481.18,3731.98
PDV051,2025-10-01,24014.88,50447.71,6724.47,3778.25
PDV051,2025-11-01,24546.33,49955.13,6001.34,3716.17
PDV051,2025-12-01,25359.62,50511.23,7583.02,3682.15
PDV052,2024-07-01,54295.74,84547.38,9831.23,5658.82
PDV052,2024-08-01,56621.52,86720.28,9816.1,5811.72
PDV052,2024-09-01,53456.7,85206.21,10020.03,6108.23
PDV052,2024-10-01,54511.49,86276.68,10208.81,5902.13
PDV052,2024-11-01,54567.85,88180.99,10123.77,6042.06
PDV052,2024-12-01,54241.2,86170.31,10835.57,5789.06
PDV052,2025-01-01,55995.26,88955.52,11235.26,6005.97
PDV052,2025-02-01,54696.16,86683.56,11640.09,6078.38
PDV052,2025-03-01,53313.87,88131.56,11674.8,6131.73
PDV052,2025-04-01,56099.4,87235.55,10112.65,5912.3
PDV052,2025-05-01,55969.0,87412.06,10315.42,6097.74
PDV052,2025-06-01,56964.92,88592.91,10915.23,6004.49
PDV052,2025-07-01,56658.61,86131.57,10390.14,6092.52
PDV052,2025-08-01,54748.89,91021.17,10423.31,5936.01
PDV052,2025-09-01,59446.76,92515.01,11169.96,6020.08
PDV052,2025-10-01,54855.34,88631.87,10398.28,6053.77
PDV052,2025-11-01,56196.69,93104.84,10646.68,6006.1
PDV052,2025-12-01,58657.38,89971.27,13422.23,6128.4
PDV053,2024-07-01,72263.17,93243.19,8898.5,4087.71
PDV053,2024-08-01,67720.1,88551.55,8401.55,4217.55
PDV053,2024-09-01,71737.1,91696.05,9124.39,4191.45
PDV053,2024-10-01,71304.9,88829.99,9282.59,4102.24
PDV053,2024-11-01,73981.61,89946.49,8951.5,4310.07
PDV053,2024-12-01,75016.39,93171.81,10404.12,4151.15
PDV053,2025-01-01,71073.25,94040.63,10306.45,4181.63
PDV053,2025-02-01,70308.33,88238.17,10020.26,4286.1
PDV053,2025-03-01,69759.3,90092.83,10650.48,4208.15
PDV053,2025-04-01,75573.3,93556.27,8907.0,4368.2
PDV053,2025-05-01,74074.05,90666.68,9160.29,4139.03
PDV053,2025-06-01,72400.08,92225.12,9518.61,4355.7
PDV053,2025-07-01,71348.16,91642.74,8899.03,4302.06
PDV053,2025-08-01,78275.31,95348.85,9014.77,4253.76
PDV053,2025-09-01,73941.86,95153.76,9277.21,4380.59
PDV053,2025-10-01,75557.37,92266.66,10248.57,4255.7
PDV053,2025-11-01,74108.32,91202.2,9158.01,4345.23
PDV053,2025-12-01,74098.18,89978.3,10874.35,4283.26
PDV054,2024-07-01,54233.7,65637.03,7810.68,4051.84
PDV054,2024-08-01,56108.28,69539.43,8340.55,4256.27
PDV054,2024-09-01,55190.5,72517.46,8394.62,3969.84
PDV054,2024-10-01,56981.13,68171.98,8238.23,4165.31
PDV054,2024-11-01,56029.44,66898.79,8151.04,4203.99
PDV054,2024-12-01,56631.92,72756.37,9461.62,4182.67
PDV054,2025-01-01,53528.68,69927.05,9448.8,4268.56
PDV054,2025-02-01,58442.99,72829.27,10052.68,4220.9
PDV054,2025-03-01,56173.6,70459.42,9757.05,4127.76
PDV054,2025-04-01,55006.37,69941.44,8324.76,4203.73
PDV054,2025-05-01,57689.77,68290.78,8934.71,4314.53
PDV054,2025-06-01,54465.28,70899.8,8388.4,4310.92
PDV054,2025-07-01,55731.46,71380.74,8337.61,4215.2
PDV054,2025-08-01,57413.36,72441.44,8548.81,4401.96
PDV054,2025-09-01,61584.09,69794.87,8921.81,4341.02
PDV054,2025-10-01,58345.29,70669.54,8722.68,4251.11
PDV054,2025-11-01,59371.61,67865.06,8537.55,4247.25
PDV054,2025-12-01,58459.68,70305.28,9177.28,4183.33
PDV055,2024-07-01,76085.06,80798.62,9888.26,4523.27
PDV055,2024-08-01,79036.48,82079.95,9699.88,4207.57
PDV055,2024-09-01,77111.37,82279.52,10118.69,4511.75
PDV055,2024-10-01,75562.98,85615.21,10050.31,4540.6
PDV055,2024-11-01,78760.91,79593.54,9950.44,4581.44
PDV055,2024-12-01,76795.58,84562.89,12153.73,4477.78
PDV055,2025-01-01,77608.32,86624.56,12039.19,4434.51
PDV055,2025-02-01,77677.78,85133.22,11815.12,4424.14
PDV055,2025-03-01,77278.4,83675.92,10959.4,4374.19
PDV055,2025-04-01,74994.2,82045.24,10056.06,4687.7
PDV055,2025-05-01,77302.71,83516.16,9551.45,4693.2
PDV055,2025-06-01,75521.75,82096.85,10408.74,4693.48
PDV055,2025-07-01,80826.14,84500.7,9970.16,4672.1
PDV055,2025-08-01,78845.65,85423.66,9925.52,4694.27
PDV055,2025-09-01,80680.03,83211.1,10994.99,4376.67
PDV055,2025-10-01,77236.55,85078.65,10239.42,4488.52
PDV055,2025-11-01,75436.35,80681.94,10102.95,4637.11
PDV055,2025-12-01,80221.6,84612.07,12170.15,4517.22
PDV056,2024-07-01,69935.14,99085.36,7871.22,4190.09
PDV056,2024-08-01,71423.74,101342.42,7352.01,4218.34
PDV056,2024-09-01,70907.35,98224.4,7696.7,4058.37
PDV056,2024-10-01,71331.3,102421.89,7894.06,4323.71
PDV056,2024-11-01,70608.32,103472.67,7677.4,4158.56
PDV056,2024-12-01,68296.33,98537.5,8691.37,4223.91
PDV056,2025-01-01,69815.44,100415.0,8328.89,4369.67
PDV056,2025-02-01,70554.08,101699.12,8265.59,4289.65
PDV056,2025-03-01,72545.18,104016.1,8298.14,4162.14
PDV056,2025-04-01,70770.21,103982.7,7584.79,4248.05
PDV056,2025-05-01,70328.03,101486.11,7387.74,4059.82
PDV056,2025-06-01,69170.5,102087.11,8008.91,4311.61
PDV056,2025-07-01,71852.43,100980.88,7783.8,4343.54
PDV056,2025-08-01,73194.18,102028.2,7890.39,4348.33
PDV056,2025-09-01,72044.63,103781.32,7786.19,4362.54
PDV056,2025-10-01,72442.86,100606.2,7373.44,4378.13
PDV056,2025-11-01,72276.07,105074.25,7632.57,4280.42
PDV056,2025-12-01,74727.21,104282.64,9152.33,4356.28
PDV057,2024-07-01,57293.75,72454.81,7046.22,4022.15
PDV057,2024-08-01,57060.04,70054.07,6866.43,3968.15
PDV057,2024-09-01,58871.16,74436.41,7033.32,3951.22
PDV057,2024-10-01,58811.12,72200.85,7025.86,4000.07
PDV057,2024-11-01,59378.98,71984.05,7048.33,4028.15
PDV057,2024-12-01,58858.58,67956.76,8061.96,3823.75
PDV057,2025-01-01,59013.26,73103.16,8248.31,4059.62
PDV057,2025-02-01,58783.88,72720.69,8340.11,4071.56
PDV057,2025-03-01,57815.97,73318.94,8293.72,4106.78
PDV057,2025-04-01,58023.4,73399.87,7119.76,3897.63
PDV057,2025-05-01,56898.71,73670.45,7248.98,4015.84
PDV057,2025-06-01,61225.43,76000.58,7234.14,4006.55
PDV057,2025-07-01,58725.72,76923.51,7320.31,4016.31
PDV057,2025-08-01,57928.23,74965.54,6976.55,4165.88
PDV057,2025-09-01,57860.42,72372.36,7589.51,4096.65
PDV057,2025-10-01,58699.18,77827.19,7630.12,4012.63
PDV057,2025-11-01,60637.19,77131.38,7493.6,4019.57
PDV057,2025-12-01,58697.5,77920.35,8896.85,4227.47
PDV058,2024-07-01,66263.91,79435.54,8938.4,3511.65
PDV058,2024-08-01,69094.29,76669.41,9883.14,3616.72
PDV058,2024-09-01,67979.11,82560.47,10220.43,3521.43
PDV058,2024-10-01,70409.57,79543.21,9485.1,3615.15
PDV058,2024-11-01,63573.31,79017.02,10284.01,3530.39
PDV058,2024-12-01,67439.88,77685.21,11416.66,3705.54
PDV058,2025-01-01,70852.34,81667.68,11742.53,3618.2
PDV058,2025-02-01,67470.2,78567.72,10421.03,3515.39
PDV058,2025-03-01,69557.15,80144.38,11480.63,3506.48
PDV058,2025-04-01,67671.67,80391.43,9697.15,3645.2
PDV058,2025-05-01,65285.51,81570.22,9555.61,3647.66
PDV058,2025-06-01,69749.35,81486.97,9871.9,3641.57
PDV058,2025-07-01,67440.47,83519.94,9440.95,3783.61
PDV058,2025-08-01,66373.05,81415.06,9393.25,3598.89
PDV058,2025-09-01,67457.37,82997.3,10386.53,3611.22
PDV058,2025-10-01,69652.52,82843.31,10338.59,3754.68
PDV058,2025-11-01,69998.98,80304.37,10332.39,3681.74
PDV058,2025-12-01,69544.58,85716.44,11701.31,3664.45
PDV059,2024-07-01,73750.49,71246.65,6861.15,3630.2
PDV059,2024-08-01,72067.45,70761.72,6587.31,3683.98
PDV059,2024-09-01,75252.34,72153.04,6909.82,3538.67
PDV059,2024-10-01,74605.45,69807.51,6754.79,3522.0
PDV059,2024-11-01,75806.84,71620.87,7009.74,3615.88
PDV059,2024-12-01,78690.44,69530.21,8007.44,3584.72
PDV059,2025-01-01,79020.29,70892.07,7246.74,3712.91
PDV059,2025-02-01,76019.63,70056.85,7624.9,3554.59
PDV059,2025-03-01,76379.26,72404.65,8037.08,3653.71
PDV059,2025-04-01,74581.75,73840.56,6954.24,3714.82
PDV059,2025-05-01,74523.01,71485.25,6997.92,3606.95
PDV059,2025-06-01,77534.6,72511.55,7212.75,3719.57
PDV059,2025-07-01,81262.77,74983.28,7458.12,3607.03
PDV059,2025-08-01,77899.38,76166.04,6719.14,3788.25
PDV059,2025-09-01,79266.72,73176.25,7350.48,3574.41
PDV059,2025-10-01,76202.54,71986.6,6738.51,3662.97
PDV059,2025-11-01,79296.19,74615.01,7681.06,3644.56
PDV059,2025-12-01,77720.7,72087.03,7784.82,3741.31
PDV060,2024-07-01,37166.05,73904.0,7407.26,4340.14
PDV060,2024-08-01,37575.27,73552.03,7336.57,4397.7
PDV060,2024-09-01,38030.84,76593.53,7702.01,4470.82
PDV060,2024-10-01,38085.62,74520.5,7885.74,4492.89
PDV060,2024-11-01,37509.12,74828.59,7894.48,4347.99
PDV060,2024-12-01,38555.05,74256.34,8974.32,4668.27
PDV060,2025-01-01,39318.53,74085.04,9259.69,4444.43
PDV060,2025-02-01,39492.7,76752.48,8669.02,4422.65
PDV060,2025-03-01,36937.21,75853.9,9086.96,4430.3
PDV060,2025-04-01,36175.01,73868.43,7446.14,4426.67
PDV060,2025-05-01,37841.94,76154.74,7614.83,4569.2
PDV060,2025-06-01,38772.53,74724.47,7348.04,4436.46
PDV060,2025-07-01,38228.57,77712.58,7346.55,4598.68
PDV060,2025-08-01,40106.9,77187.33,8027.99,4600.05
PDV060,2025-09-01,39611.47,78211.41,7947.75,4577.34
PDV060,2025-10-01,40269.39,78560.39,8333.45,4570.39
PDV060,2025-11-01,39571.01,74524.68,7652.0,4380.07
PDV060,2025-12-01,37911.96,78118.41,9250.23,4673.33
PDV061,2024-07-01,72162.69,98696.21,9954.99,4465.52
PDV061,2024-08-01,74228.72,100731.47,9940.7,4498.58
PDV061,2024-09-01,71815.39,102075.06,9525.35,4435.2
PDV061,2024-10-01,74284.99,105222.15,8662.92,4598.53
PDV061,2024-11-01,70226.69,104212.19,10205.51,4385.58
PDV061,2024-12-01,75909.64,106321.47,11834.34,4494.14
PDV061,2025-01-01,72380.64,104925.01,11331.95,4532.32
PDV061,2025-02-01,75723.89,101125.73,11790.8,4532.73
PDV061,2025-03-01,73826.72,105667.12,11179.18,4489.02
PDV061,2025-04-01,76545.87,107730.79,10317.99,4531.38
PDV061,2025-05-01,72928.01,101844.83,10346.32,4414.23
PDV061,2025-06-01,73293.17,104445.71,9603.64,4797.93
PDV061,2025-07-01,75227.07,102787.05,9958.77,4744.9
PDV061,2025-08-01,72661.73,107700.08,10379.53,4618.8
PDV061,2025-09-01,75462.59,105486.02,9949.79,4611.98
PDV061,2025-10-01,76080.0,105182.44,9924.65,4658.35
PDV061,2025-11-01,76133.15,107201.35,9845.71,4570.95
PDV061,2025-12-01,75178.81,105145.41,11421.43,4661.38
PDV062,2024-07-01,36387.02,53606.81,4554.33,2836.38
PDV062,2024-08-01,38049.18,57098.12,4377.67,2919.86
PDV062,2024-09-01,37035.76,57626.38,4481.21,2834.23
PDV062,2024-10-01,37455.65,54035.65,4440.85,2878.41
PDV062,2024-11-01,38855.26,57767.43,4638.76,2806.27
PDV062,2024-12-01,38114.75,58481.55,5654.58,2870.21
PDV062,2025-01-01,38114.61,56843.98,5317.24,2733.77
PDV062,2025-02-01,37806.76,57470.57,5583.1,2807.31
PDV062,2025-03-01,37741.37,57876.07,5297.94,2817.6
PDV062,2025-04-01,39237.89,57316.34,4826.04,2856.31
PDV062,2025-05-01,37683.07,56043.74,4786.08,2972.06
PDV062,2025-06-01,40120.48,59472.98,4833.7,2770.87
PDV062,2025-07-01,37237.57,56391.52,4442.23,2893.42
PDV062,2025-08-01,36969.63,59992.55,4669.7,2865.11
PDV062,2025-09-01,40047.5,59515.6,4867.09,2957.63
PDV062,2025-10-01,40276.98,56594.89,4483.56,2902.26
PDV062,2025-11-01,40647.07,58710.49,4851.74,2906.45
PDV062,2025-12-01,40091.98,57684.08,5153.81,2974.25
PDV063,2024-07-01,59706.52,87062.33,7661.55,4541.07
PDV063,2024-08-01,62366.35,88732.64,8327.39,4626.81
PDV063,2024-09-01,59574.53,87278.26,7862.88,4767.08
PDV063,2024-10-01,60432.25,88749.86,7452.49,4636.07
PDV063,2024-11-01,63715.12,90991.29,8263.31,4568.17
PDV063,2024-12-01,59965.94,93257.12,9838.7,4668.78
PDV063,2025-01-01,61815.17,94677.59,9402.87,4793.1
PDV063,2025-02-01,60294.27,91321.88,9114.56,4811.74
PDV063,2025-03-01,62206.52,89393.42,8772.11,4858.13
PDV063,2025-04-01,65440.45,89578.39,7715.57,4726.68
PDV063,2025-05-01,62097.23,91568.79,8111.81,4803.08
PDV063,2025-06-01,59995.38,90250.39,8472.25,4947.6
PDV063,2025-07-01,61429.88,91169.24,7924.61,4670.76
PDV063,2025-08-01,62865.58,91178.73,8052.99,4725.85
PDV063,2025-09-01,64036.43,91290.63,8401.87,4744.66
PDV063,2025-10-01,63342.84,97049.76,8396.13,4732.56
PDV063,2025-11-01,62116.49,86395.74,7894.3,4814.2
PDV063,2025-12-01,62942.86,91332.13,9620.77,4699.09
PDV064,2024-07-01,31149.25,47429.73,5097.86,3075.98
PDV064,2024-08-01,32392.42,49412.23,5070.96,3096.99
PDV064,2024-09-01,33174.07,49865.72,5470.99,3225.24
PDV064,2024-10-01,32730.11,49451.92,5252.41,3091.27
PDV064,2024-11-01,33180.21,48762.41,5353.95,3114.13
PDV064,2024-12-01,34520.09,49622.09,6050.48,3087.17
PDV064,2025-01-01,33935.26,48482.7,5659.88,3110.36
PDV064,2025-02-01,32018.86,51261.03,5913.61,3198.07
PDV064,2025-03-01,33170.97,49638.49,6115.46,3050.97
PDV064,2025-04-01,34652.59,49847.94,4967.75,3102.97
PDV064,2025-05-01,33730.67,49711.27,5204.29,2996.45
PDV064,2025-06-01,33248.62,50450.69,5345.44,3134.29
PDV064,2025-07-01,33090.78,49048.54,5114.1,3185.71
PDV064,2025-08-01,33428.37,50727.76,5341.89,3155.19
PDV064,2025-09-01,32784.35,52113.82,5406.17,3162.07
PDV064,2025-10-01,33300.56,49976.68,4937.37,3163.96
PDV064,2025-11-01,32676.08,49080.15,5515.05,3151.32
PDV064,2025-12-01,32985.75,50885.93,5868.48,3263.6
PDV065,2024-07-01,53990.26,67917.53,7850.65,4853.76
PDV065,2024-08-01,53818.52,67207.68,7509.73,4727.5
PDV065,2024-09-01,55584.16,67309.63,8444.43,4687.87
PDV065,2024-10-01,55480.01,68503.8,7832.14,4887.92
PDV065,2024-11-01,51221.8,68979.85,8103.09,4845.6
PDV065,2024-12-01,56002.92,70138.19,8891.86,4892.58
PDV065,2025-01-01,54083.63,69635.91,9369.38,4875.33
PDV065,2025-02-01,55798.26,70731.09,10068.19,4774.17
PDV065,2025-03-01,54460.14,67239.01,9689.33,4900.89
PDV065,2025-04-01,54004.21,70249.37,7686.85,4943.21
PDV065,2025-05-01,55083.69,69594.56,7750.45,4914.96
PDV065,2025-06-01,55055.88,72007.55,8297.96,4775.43
PDV065,2025-07-01,57073.81,69627.33,8295.9,4863.5
PDV065,2025-08-01,59187.99,69242.88,8273.65,4967.75
PDV065,2025-09-01,53977.04,73929.94,8186.07,4980.47
PDV065,2025-10-01,57769.67,69878.82,8554.8,5090.95
PDV065,2025-11-01,55165.07,73542.96,8498.34,4926.08
PDV065,2025-12-01,55434.81,69000.17,9117.34,4982.23
PDV066,2024-07-01,23000.4,42746.31,4865.53,2891.32
PDV066,2024-08-01,22549.07,43546.73,5185.65,2936.35
PDV066,2024-09-01,21928.84,43101.37,5414.2,2891.37
PDV066,2024-10-01,22745.94,42815.14,4873.59,2959.48
PDV066,2024-11-01,23144.37,44253.06,5004.77,3120.31
PDV066,2024-12-01,22589.62,43356.52,6079.16,3011.76
PDV066,2025-01-01,23139.2,41534.36,5967.26,3039.38
PDV066,2025-02-01,23282.51,42457.53,5728.94,3012.69
PDV066,2025-03-01,23516.29,43785.58,5949.57,3054.63
PDV066,2025-04-01,22461.54,44226.79,5081.81,3022.7
PDV066,2025-05-01,22661.27,43971.5,5286.24,3037.73
PDV066,2025-06-01,22951.1,42641.06,5166.9,3011.87
PDV066,2025-07-01,22670.09,44255.19,5018.21,3076.95
PDV066,2025-08-01,23679.39,47137.99,5257.46,3031.79
PDV066,2025-09-01,24421.35,44810.11,5300.37,2957.9
PDV066,2025-10-01,23199.63,46312.4,4997.6,3004.64
PDV066,2025-11-01,23482.96,44357.27,5067.27,3149.39
PDV066,2025-12-01,23211.74,45780.82,5875.62,3064.17
PDV067,2024-07-01,34624.54,78861.44,8312.81,4289.78
PDV067,2024-08-01,34653.12,81079.42,8577.89,4340.04
PDV067,2024-09-01,34497.0,78916.47,8358.6,4388.61
PDV067,2024-10-01,35822.96,79432.01,8700.12,4335.98
PDV067,2024-11-01,36138.34,80108.73,9053.5,4352.34
PDV067,2024-12-01,35840.01,77969.79,10622.52,4469.62
PDV067,2025-01-01,33756.74,76408.47,9884.73,4340.09
PDV067,2025-02-01,36212.5,77688.98,9476.62,4466.12
PDV067,2025-03-01,35394.21,79575.95,10792.41,4387.88
PDV067,2025-04-01,34729.69,78548.47,8610.83,4091.62
PDV067,2025-05-01,36275.47,79859.77,9111.78,4174.52
PDV067,2025-06-01,34659.2,79682.2,8127.42,4394.54
PDV067,2025-07-01,36693.86,80223.21,9138.45,4329.69
PDV067,2025-08-01,35466.63,79266.22,8447.73,4551.0
PDV067,2025-09-01,36781.53,81817.64,9344.67,4584.86
PDV067,2025-10-01,35806.08,82039.39,8090.73,4404.51
PDV067,2025-11-01,35235.93,83770.05,9254.51,4449.71
PDV067,2025-12-01,36057.85,82481.35,10509.16,4580.61
PDV068,2024-07-01,67839.08,67851.96,8167.91,4654.68
PDV068,2024-08-01,66406.57,65682.05,8965.52,4555.44
PDV068,2024-09-01,64009.01,68458.81,8735.69,4678.98
PDV068,2024-10-01,69925.79,65207.7,9380.13,4706.26
PDV068,2024-11-01,69165.47,67249.99,8622.52,4726.05
PDV068,2024-12-01,67158.61,68162.98,10011.01,4556.13
PDV068,2025-01-01,70560.83,67722.52,10228.25,4644.73
PDV068,2025-02-01,67916.13,65524.57,10734.23,4693.74
PDV068,2025-03-01,66679.1,64681.51,9414.24,4602.12
PDV068,2025-04-01,69777.81,67123.11,9075.68,4649.96
PDV068,2025-05-01,68404.21,67773.82,8824.88,4693.61
PDV068,2025-06-01,72031.97,66672.68,9004.79,4649.93
PDV068,2025-07-01,71060.6,68712.91,9083.59,4859.7
PDV068,2025-08-01,67471.1,69987.82,9069.18,4877.13
PDV068,2025-09-01,69746.08,70914.39,8629.03,4728.13
PDV068,2025-10-01,70069.34,69016.57,9519.56,4696.86
PDV068,2025-11-01,73282.46,69103.14,8842.3,4781.48
PDV068,2025-12-01,74012.98,70847.36,10715.67,4658.78
PDV069,2024-07-01,59229.97,69373.51,8169.17,5403.26
PDV069,2024-08-01,58088.04,66621.67,8079.93,5462.29
PDV069,2024-09-01,58115.99,73343.68,8853.14,5543.64
PDV069,2024-10-01,57889.9,69430.65,8918.87,5376.37
PDV069,2024-11-01,58362.29,70776.49,8373.1,5619.94
PDV069,2024-12-01,58840.53,68910.34,9944.13,5389.86
PDV069,2025-01-01,62819.22,70897.58,10082.57,5565.7
PDV069,2025-02-01,62687.09,71583.55,10131.3,5619.26
PDV069,2025-03-01,61356.91,72477.15,10052.84,5539.11
PDV069,2025-04-01,60685.21,71124.86,9025.43,5592.73
PDV069,2025-05-01,60712.49,71791.7,8472.18,5435.89
PDV069,2025-06-01,61258.58,68742.84,8494.9,5676.94
PDV069,2025-07-01,58822.63,72830.19,9276.36,5671.84
PDV069,2025-08-01,60561.7,71207.91,8437.31,5615.57
PDV069,2025-09-01,62218.58,75180.2,9079.15,5621.91
PDV069,2025-10-01,60974.3,72351.43,9680.21,5447.56
PDV069,2025-11-01,61750.3,73344.46,8923.83,5614.15
PDV069,2025-12-01,62220.34,72601.62,9687.93,5612.5
PDV070,2024-07-01,55205.6,90925.44,6219.58,4209.07
PDV070,2024-08-01,53012.12,92605.32,6454.34,4229.98
PDV070,2024-09-01,54729.15,91608.28,6024.16,4171.1
PDV070,2024-10-01,54072.53,92957.26,6730.67,4184.79
PDV070,2024-11-01,53103.68,90643.89,6021.05,4348.12
PDV070,2024-12-01,53025.76,90999.74,7132.61,4303.9
PDV070,2025-01-01,51687.96,92857.6,8035.23,4314.39
PDV070,2025-02-01,55081.55,91333.85,7680.38,4046.98
PDV070,2025-03-01,53351.88,96070.57,7286.07,4434.14
PDV070,2025-04-01,53706.33,96500.93,6237.94,4143.08
PDV070,2025-05-01,53415.22,97481.02,6785.66,4394.4
PDV070,2025-06-01,53898.78,93035.26,7222.69,4263.13
PDV070,2025-07-01,54421.28,93447.71,6527.55,4232.07
PDV070,2025-08-01,54379.79,94565.54,6742.86,4326.77
PDV070,2025-09-01,51718.21,90599.02,7134.89,4281.56
PDV070,2025-10-01,53102.92,97809.69,7130.59,4252.54
PDV070,2025-11-01,57118.26,98137.78,6861.72,4185.52
PDV070,2025-12-01,55484.18,99022.25,7775.13,4403.16
