id_pdv,mes,meta_receita,meta_margem,orcamento_mensal
PDV001,2024-07-01,949458.69,0.1008,162639.57
PDV001,2024-08-01,896696.18,0.0914,165163.18
PDV001,2024-09-01,960360.06,0.0681,164165.26
PDV001,2024-10-01,1006777.61,0.082,159817.71
PDV001,2024-11-01,1028800.32,0.092,172502.34
PDV001,2024-12-01,1171086.0,0.1175,179148.21
PDV001,2025-01-01,918781.59,0.0914,174041.65
PDV001,2025-02-01,974445.77,0.08,179845.09
PDV001,2025-03-01,978292.07,0.1162,174183.86
PDV001,2025-04-01,1040966.69,0.0607,170408.32
PDV001,2025-05-01,892953.84,0.1102,159323.25
PDV001,2025-06-01,1055001.22,0.0603,164013.09
PDV001,2025-07-01,926452.19,0.0721,164415.16
PDV001,2025-08-01,1112333.08,0.0633,170963.0
PDV001,2025-09-01,1075596.21,0.0687,175616.93
PDV001,2025-10-01,1037369.63,0.0767,169654.17
PDV001,2025-11-01,1209801.03,0.0735,167310.01
PDV001,2025-12-01,1431580.66,0.1042,179938.34
PDV002,2024-07-01,399138.16,0.1797,85285.64
PDV002,2024-08-01,381627.68,0.1792,85140.34
PDV002,2024-09-01,363383.67,0.1735,80612.61
PDV002,2024-10-01,383559.74,0.1634,78212.76
PDV002,2024-11-01,432381.3,0.1338,85819.64
PDV002,2024-12-01,461602.88,0.1315,87397.36
PDV002,2025-01-01,354772.67,0.1647,89339.24
PDV002,2025-02-01,381705.66,0.1644,84948.35
PDV002,2025-03-01,382528.68,0.1361,81034.79
PDV002,2025-04-01,383820.28,0.1103,86187.43
PDV002,2025-05-01,396682.64,0.1378,83317.66
PDV002,2025-06-01,391633.44,0.1798,89340.29
PDV002,2025-07-01,396003.95,0.134,84734.68
PDV002,2025-08-01,373181.83,0.1557,83093.99
PDV002,2025-09-01,388206.95,0.167,90549.57
PDV002,2025-10-01,398282.53,0.1129,84436.49
PDV002,2025-11-01,419813.8,0.1376,86631.25
PDV002,2025-12-01,525993.1,0.1326,84519.91
PDV003,2024-07-01,435888.88,0.0913,117941.18
PDV003,2024-08-01,446774.29,0.0591,116125.09
PDV003,2024-09-01,428988.88,0.0486,125769.48
PDV003,2024-10-01,507658.76,0.0773,118033.53
PDV003,2024-11-01,497372.86,0.0732,121682.11
PDV003,2024-12-01,637326.03,0.0456,125824.86
PDV003,2025-01-01,410441.83,0.071,119493.1
PDV003,2025-02-01,375951.33,0.0988,119719.15
PDV003,2025-03-01,484116.61,0.0626,121603.69
PDV003,2025-04-01,465442.64,0.0511,120180.48
PDV003,2025-05-01,475650.04,0.0926,121496.74
PDV003,2025-06-01,491995.18,0.0499,114421.1
PDV003,2025-07-01,531871.0,0.0472,127883.3
PDV003,2025-08-01,450783.4,0.0549,120894.72
PDV003,2025-09-01,433810.18,0.0971,123191.53
PDV003,2025-10-01,541394.69,0.064,125233.95
PDV003,2025-11-01,500562.97,0.0774,125236.26
PDV003,2025-12-01,636187.75,0.0491,124596.1
PDV004,2024-07-01,968216.16,0.1144,206948.73
PDV004,2024-08-01,882475.78,0.0719,213187.76
PDV004,2024-09-01,815508.48,0.1021,219210.13
PDV004,2024-10-01,897864.29,0.0866,217624.56
PDV004,2024-11-01,1105337.0,0.1047,211313.29
PDV004,2024-12-01,1367245.15,0.1116,205211.13
PDV004,2025-01-01,801184.06,0.0854,210401.52
PDV004,2025-02-01,902649.26,0.0854,210980.96
PDV004,2025-03-01,984760.11,0.0631,220157.79
PDV004,2025-04-01,941655.24,0.1127,203946.29
PDV004,2025-05-01,994445.49,0.0688,218539.64
PDV004,2025-06-01,1000798.27,0.0821,206609.83
PDV004,2025-07-01,1083214.23,0.0869,213168.89
PDV004,2025-08-01,1128643.24,0.1026,198309.04
PDV004,2025-09-01,981696.37,0.0789,210475.9
PDV004,2025-10-01,1142477.6,0.0636,209597.51
PDV004,2025-11-01,1253500.34,0.0816,205791.09
PDV004,2025-12-01,1509373.94,0.1111,212626.8
PDV005,2024-07-01,616799.48,0.1402,153336.35
PDV005,2024-08-01,534346.96,0.1365,140897.49
PDV005,2024-09-01,601647.35,0.1137,152975.53
PDV005,2024-10-01,636370.57,0.1426,141263.06
PDV005,2024-11-01,697727.19,0.1775,151853.14
PDV005,2024-12-01,729732.31,0.1392,139596.29
PDV005,2025-01-01,580853.76,0.1364,150481.01
PDV005,2025-02-01,644168.06,0.1782,140813.01
PDV005,2025-03-01,739700.41,0.1311,155635.94
PDV005,2025-04-01,673736.54,0.1144,155805.11
PDV005,2025-05-01,737723.81,0.1189,153977.22
PDV005,2025-06-01,722713.23,0.1154,154085.69
PDV005,2025-07-01,733893.53,0.1265,148256.23
PDV005,2025-08-01,727828.51,0.1764,150701.24
PDV005,2025-09-01,762505.19,0.1404,149167.87
PDV005,2025-10-01,834572.27,0.1435,151238.29
PDV005,2025-11-01,856637.69,0.1554,158576.39
PDV005,2025-12-01,1081784.48,0.1454,157937.12
PDV006,2024-07-01,367968.2,0.0823,126846.06
PDV006,2024-08-01,323124.94,0.0545,137030.98
PDV006,2024-09-01,366057.91,0.092,137258.95
PDV006,2024-10-01,307749.69,0.0731,134196.16
PDV006,2024-11-01,400342.23,0.0963,132323.51
PDV006,2024-12-01,406568.32,0.0887,129112.34
PDV006,2025-01-01,283198.06,0.0865,137979.09
PDV006,2025-02-01,279380.95,0.0637,141378.54
PDV006,2025-03-01,292227.77,0.0954,131564.06
PDV006,2025-04-01,314325.56,0.056,134485.22
PDV006,2025-05-01,335618.59,0.0527,140373.8
PDV006,2025-06-01,332014.96,0.0837,134081.72
PDV006,2025-07-01,336217.06,0.0872,139754.74
PDV006,2025-08-01,341664.6,0.0783,135202.36
PDV006,2025-09-01,328261.16,0.0602,135570.63
PDV006,2025-10-01,318664.99,0.0638,143829.33
PDV006,2025-11-01,340205.52,0.0826,141674.54
PDV006,2025-12-01,352599.98,0.0983,142498.47
PDV007,2024-07-01,272365.03,0.1272,80941.02
PDV007,2024-08-01,256033.41,0.1303,79512.27
PDV007,2024-09-01,291053.0,0.1256,77627.71
PDV007,2024-10-01,310805.8,0.115,78837.51
PDV007,2024-11-01,252314.93,0.1638,82936.4
PDV007,2024-12-01,317124.99,0.1734,81146.27
PDV007,2025-01-01,237804.19,0.1547,84290.17
PDV007,2025-02-01,252890.39,0.1325,82025.04
PDV007,2025-03-01,256579.57,0.126,83870.87
PDV007,2025-04-01,244602.21,0.1209,82778.16
PDV007,2025-05-01,250379.37,0.1562,83778.78
PDV007,2025-06-01,230629.92,0.1407,82979.92
PDV007,2025-07-01,257185.99,0.139,76189.04
PDV007,2025-08-01,243512.23,0.1779,81798.92
PDV007,2025-09-01,233613.8,0.1431,80293.88
PDV007,2025-10-01,251108.61,0.1365,84289.86
PDV007,2025-11-01,257657.76,0.1433,82156.29
PDV007,2025-12-01,301449.87,0.1199,79753.11
PDV008,2024-07-01,460930.65,0.117,131413.37
PDV008,2024-08-01,413310.26,0.1483,124759.41
PDV008,2024-09-01,396094.45,0.1286,131169.27
PDV008,2024-10-01,427943.23,0.1373,128169.36
PDV008,2024-11-01,465548.14,0.1344,134008.01
PDV008,2024-12-01,460444.07,0.1623,126524.11
PDV008,2025-01-01,348007.25,0.1529,128545.53
PDV008,2025-02-01,370792.17,0.133,125424.14
PDV008,2025-03-01,389076.78,0.1727,130682.16
PDV008,2025-04-01,417007.44,0.1659,131083.48
PDV008,2025-05-01,367563.24,0.1726,132458.94
PDV008,2025-06-01,414623.17,0.1779,138949.5
PDV008,2025-07-01,419059.67,0.1605,128880.68
PDV008,2025-08-01,389563.24,0.1511,133635.25
PDV008,2025-09-01,366006.16,0.1349,138561.33
PDV008,2025-10-01,383088.1,0.1765,138306.26
PDV008,2025-11-01,437607.93,0.1283,133335.68
PDV008,2025-12-01,472306.05,0.14,139421.58
PDV009,2024-07-01,689695.56,0.1722,252691.9
PDV009,2024-08-01,601048.11,0.1611,262651.97
PDV009,2024-09-01,633161.66,0.1369,248511.43
PDV009,2024-10-01,703352.29,0.179,245464.79
PDV009,2024-11-01,768233.34,0.1497,245752.18
PDV009,2024-12-01,840566.14,0.1698,255651.48
PDV009,2025-01-01,576499.87,0.1566,265787.79
PDV009,2025-02-01,602899.27,0.1521,250955.14
PDV009,2025-03-01,601183.26,0.1514,273797.35
PDV009,2025-04-01,571926.9,0.1725,272478.3
PDV009,2025-05-01,555451.41,0.1266,255582.7
PDV009,2025-06-01,637796.99,0.163,259851.64
PDV009,2025-07-01,625278.6,0.1242,265140.99
PDV009,2025-08-01,571599.61,0.1476,264084.73
PDV009,2025-09-01,564535.19,0.1514,256294.68
PDV009,2025-10-01,602315.35,0.1264,255352.12
PDV009,2025-11-01,688879.56,0.1487,257788.13
PDV009,2025-12-01,868995.49,0.155,261318.5
PDV010,2024-07-01,366664.6,0.0626,132903.83
PDV010,2024-08-01,326412.5,0.0786,145119.47
PDV010,2024-09-01,327949.42,0.0638,136357.18
PDV010,2024-10-01,380546.15,0.0473,147350.03
PDV010,2024-11-01,346816.45,0.0936,142957.59
PDV010,2024-12-01,405031.68,0.0486,143833.59
PDV010,2025-01-01,275170.26,0.0894,146657.88
PDV010,2025-02-01,302487.03,0.0698,145926.4
PDV010,2025-03-01,324683.83,0.0575,148665.05
PDV010,2025-04-01,339863.59,0.0739,134059.1
PDV010,2025-05-01,331232.53,0.0769,139849.52
PDV010,2025-06-01,295260.49,0.075,139971.1
PDV010,2025-07-01,364627.09,0.0636,148409.47
PDV010,2025-08-01,328523.7,0.0548,141692.41
PDV010,2025-09-01,326710.57,0.0501,145275.34
PDV010,2025-10-01,320867.16,0.0718,149772.84
PDV010,2025-11-01,331403.08,0.0535,143604.12
PDV010,2025-12-01,355870.15,0.0589,140838.07
PDV011,2024-07-01,660844.67,0.1685,139826.27
PDV011,2024-08-01,532418.5,0.1517,140678.44
PDV011,2024-09-01,564845.8,0.1518,148144.64
PDV011,2024-10-01,689359.1,0.1255,147601.89
PDV011,2024-11-01,751992.18,0.1272,148795.34
PDV011,2024-12-01,883035.37,0.1563,147675.54
PDV011,2025-01-01,571332.56,0.1535,152081.45
PDV011,2025-02-01,565163.47,0.1484,145105.99
PDV011,2025-03-01,678466.73,0.1243,153873.74
PDV011,2025-04-01,665795.85,0.1593,146629.91
PDV011,2025-05-01,651974.83,0.1572,143461.09
PDV011,2025-06-01,656572.3,0.1325,147948.18
PDV011,2025-07-01,679864.32,0.1713,147463.54
PDV011,2025-08-01,706427.15,0.128,150665.86
PDV011,2025-09-01,694178.28,0.1597,157140.51
PDV011,2025-10-01,678067.66,0.1654,156853.09
PDV011,2025-11-01,830615.4,0.1622,149914.17
PDV011,2025-12-01,877360.39,0.1764,148761.64
PDV012,2024-07-01,571843.99,0.105,151609.0
PDV012,2024-08-01,526754.95,0.0729,141895.93
PDV012,2024-09-01,584420.16,0.1178,147848.56
PDV012,2024-10-01,635008.16,0.1057,145036.68
PDV012,2024-11-01,614411.03,0.0702,155794.01
PDV012,2024-12-01,671512.55,0.1027,152889.15
PDV012,2025-01-01,540237.35,0.0716,150970.28
PDV012,2025-02-01,526450.03,0.1066,148750.32
PDV012,2025-03-01,584529.49,0.0959,146406.43
PDV012,2025-04-01,638454.87,0.096,149867.27
PDV012,2025-05-01,655166.59,0.0819,144807.06
PDV012,2025-06-01,656584.17,0.0717,146709.99
PDV012,2025-07-01,640600.33,0.099,157181.25
PDV012,2025-08-01,637698.58,0.0813,145475.3
PDV012,2025-09-01,644278.93,0.089,149843.19
PDV012,2025-10-01,770919.16,0.1151,149348.43
PDV012,2025-11-01,712202.42,0.1082,144069.58
PDV012,2025-12-01,864639.85,0.1171,143534.63
PDV013,2024-07-01,659050.22,0.1776,144864.42
PDV013,2024-08-01,539054.14,0.1753,147041.53
PDV013,2024-09-01,687462.47,0.1661,144264.69
PDV013,2024-10-01,710354.23,0.1467,149109.04
PDV013,2024-11-01,730751.72,0.1375,136501.75
PDV013,2024-12-01,736385.04,0.151,150414.79
PDV013,2025-01-01,612936.72,0.1397,138759.6
PDV013,2025-02-01,708984.88,0.1407,144364.96
PDV013,2025-03-01,670657.48,0.1684,144877.6
PDV013,2025-04-01,678897.8,0.131,138879.01
PDV013,2025-05-01,623040.99,0.1715,152515.25
PDV013,2025-06-01,715030.7,0.1232,138666.56
PDV013,2025-07-01,682200.39,0.1794,145899.48
PDV013,2025-08-01,682174.88,0.1311,145021.16
PDV013,2025-09-01,635915.7,0.141,146478.72
PDV013,2025-10-01,689871.89,0.1631,139836.44
PDV013,2025-11-01,850740.96,0.1771,155562.17
PDV013,2025-12-01,889858.78,0.1367,149398.71
PDV014,2024-07-01,212086.97,0.0732,118900.5
PDV014,2024-08-01,194482.18,0.0984,122398.72
PDV014,2024-09-01,213492.3,0.0554,117876.33
PDV014,2024-10-01,214694.52,0.0882,115472.97
PDV014,2024-11-01,229543.36,0.0402,114648.86
PDV014,2024-12-01,229312.11,0.0592,127493.25
PDV014,2025-01-01,183689.14,0.0979,121554.57
PDV014,2025-02-01,189651.29,0.0431,123123.28
PDV014,2025-03-01,189853.85,0.065,127411.93
PDV014,2025-04-01,196194.21,0.0616,124743.87
PDV014,2025-05-01,216672.23,0.0692,117111.54
PDV014,2025-06-01,258347.79,0.058,115396.81
PDV014,2025-07-01,225203.41,0.0855,126455.68
PDV014,2025-08-01,221079.54,0.0892,123467.23
PDV014,2025-09-01,198631.76,0.0835,125125.36
PDV014,2025-10-01,257142.01,0.0451,120733.27
PDV014,2025-11-01,242444.87,0.0549,117166.32
PDV014,2025-12-01,299635.71,0.0823,117050.05
PDV015,2024-07-01,1073662.47,0.1225,227571.59
PDV015,2024-08-01,1062719.14,0.1399,236272.35
PDV015,2024-09-01,1187027.14,0.1537,240293.25
PDV015,2024-10-01,1211191.47,0.1557,239475.62
PDV015,2024-11-01,1070690.49,0.1663,240842.84
PDV015,2024-12-01,1329747.46,0.1427,234177.25
PDV015,2025-01-01,921354.23,0.1599,245177.88
PDV015,2025-02-01,872707.25,0.1318,238326.96
PDV015,2025-03-01,1001698.25,0.1458,244345.5
PDV015,2025-04-01,1023099.16,0.1746,236551.5
PDV015,2025-05-01,1052201.09,0.134,243251.14
PDV015,2025-06-01,1201712.87,0.1307,240725.48
PDV015,2025-07-01,973053.88,0.1586,244750.59
PDV015,2025-08-01,856364.77,0.1138,236610.7
PDV015,2025-09-01,923101.18,0.1797,247855.45
PDV015,2025-10-01,1031890.96,0.1696,242208.92
PDV015,2025-11-01,1007784.6,0.1484,242655.01
PDV015,2025-12-01,1306341.69,0.1436,262805.01
PDV016,2024-07-01,479762.9,0.0972,146083.24
PDV016,2024-08-01,427875.09,0.0636,153193.27
PDV016,2024-09-01,501878.21,0.0586,147976.68
PDV016,2024-10-01,465817.49,0.0755,150291.49
PDV016,2024-11-01,587502.04,0.0711,149506.07
PDV016,2024-12-01,649316.94,0.0932,146622.02
PDV016,2025-01-01,398912.02,0.0412,156092.82
PDV016,2025-02-01,412969.01,0.0661,153669.81
PDV016,2025-03-01,522237.61,0.0638,153922.24
PDV016,2025-04-01,439779.45,0.0767,153837.85
PDV016,2025-05-01,482209.82,0.0696,148110.65
PDV016,2025-06-01,495236.94,0.0463,154803.53
PDV016,2025-07-01,572774.69,0.0511,154722.25
PDV016,2025-08-01,493614.14,0.0734,149311.92
PDV016,2025-09-01,478168.05,0.0686,160364.54
PDV016,2025-10-01,600086.66,0.0442,145142.67
PDV016,2025-11-01,534782.5,0.0876,155599.2
PDV016,2025-12-01,622010.39,0.0478,164083.77
PDV017,2024-07-01,1029430.05,0.2238,177784.53
PDV017,2024-08-01,1085705.11,0.2041,175867.49
PDV017,2024-09-01,1088960.62,0.2009,190285.3
PDV017,2024-10-01,1137847.72,0.1642,188006.8
PDV017,2024-11-01,1127415.74,0.2071,173865.98
PDV017,2024-12-01,1371094.57,0.2018,182738.96
PDV017,2025-01-01,1032312.5,0.2123,181346.39
PDV017,2025-02-01,1103832.22,0.2335,183237.73
PDV017,2025-03-01,1181645.93,0.1844,177382.83
PDV017,2025-04-01,1318161.17,0.1898,181208.58
PDV017,2025-05-01,1253451.62,0.1905,181412.76
PDV017,2025-06-01,1247685.9,0.226,179041.38
PDV017,2025-07-01,1304602.57,0.2118,170320.97
PDV017,2025-08-01,1232282.57,0.1824,185357.21
PDV017,2025-09-01,1304919.23,0.2285,193581.44
PDV017,2025-10-01,1421663.46,0.2013,193654.89
PDV017,2025-11-01,1558311.73,0.2187,187240.86
PDV017,2025-12-01,1665786.63,0.2293,176949.29
PDV018,2024-07-01,310585.26,0.0996,129254.58
PDV018,2024-08-01,312774.28,0.0894,120904.93
PDV018,2024-09-01,317710.91,0.0898,128192.38
PDV018,2024-10-01,348499.69,0.102,120958.22
PDV018,2024-11-01,364128.55,0.093,122311.09
PDV018,2024-12-01,444716.69,0.0796,123029.6
PDV018,2025-01-01,293142.19,0.1197,130451.21
PDV018,2025-02-01,342704.82,0.0693,128129.28
PDV018,2025-03-01,366763.45,0.0996,122355.1
PDV018,2025-04-01,310319.35,0.0747,131127.06
PDV018,2025-05-01,376620.65,0.068,126194.24
PDV018,2025-06-01,416722.95,0.0689,129570.33
PDV018,2025-07-01,417418.54,0.0806,127203.81
PDV018,2025-08-01,393484.37,0.0622,131158.74
PDV018,2025-09-01,349792.39,0.0639,128040.34
PDV018,2025-10-01,425752.47,0.0838,121171.35
PDV018,2025-11-01,447714.84,0.118,134341.78
PDV018,2025-12-01,465831.52,0.1106,136322.8
PDV019,2024-07-01,299816.84,0.0507,151223.79
PDV019,2024-08-01,269110.77,0.0494,157232.29
PDV019,2024-09-01,275431.18,0.0883,145089.44
PDV019,2024-10-01,295217.18,0.0469,148238.61
PDV019,2024-11-01,304258.45,0.0633,149830.35
PDV019,2024-12-01,377961.16,0.0665,151516.07
PDV019,2025-01-01,253796.1,0.0743,160651.01
PDV019,2025-02-01,299885.31,0.0645,153450.94
PDV019,2025-03-01,289895.71,0.0873,152668.11
PDV019,2025-04-01,285290.36,0.088,152498.78
PDV019,2025-05-01,276403.51,0.0617,153711.54
PDV019,2025-06-01,307258.52,0.0442,154890.29
PDV019,2025-07-01,306210.1,0.0584,150691.65
PDV019,2025-08-01,275771.36,0.0683,150242.71
PDV019,2025-09-01,279708.07,0.0541,156516.44
PDV019,2025-10-01,284002.0,0.0778,160126.32
PDV019,2025-11-01,370566.5,0.0937,151738.65
PDV019,2025-12-01,369845.73,0.0988,150917.8
PDV020,2024-07-01,509949.93,0.049,110809.23
PDV020,2024-08-01,420461.11,0.0647,116453.91
PDV020,2024-09-01,398454.32,0.0769,120157.81
PDV020,2024-10-01,452796.94,0.0761,115919.34
PDV020,2024-11-01,538410.91,0.0986,112830.52
PDV020,2024-12-01,562750.58,0.0958,112814.57
PDV020,2025-01-01,365739.72,0.0595,118316.5
PDV020,2025-02-01,417885.68,0.0599,116891.28
PDV020,2025-03-01,469068.71,0.0402,119528.5
PDV020,2025-04-01,486059.69,0.0985,116231.48
PDV020,2025-05-01,532522.93,0.0444,110106.51
PDV020,2025-06-01,449176.43,0.0737,113126.39
PDV020,2025-07-01,529189.07,0.0827,119175.97
PDV020,2025-08-01,551127.27,0.0521,113356.49
PDV020,2025-09-01,522475.99,0.079,116787.45
PDV020,2025-10-01,562695.96,0.0916,118888.07
PDV020,2025-11-01,600926.34,0.0871,115376.04
PDV020,2025-12-01,600007.15,0.0456,119939.95
PDV021,2024-07-01,704233.94,0.1522,116380.77
PDV021,2024-08-01,610817.48,0.1294,111234.89
PDV021,2024-09-01,671679.88,0.156,117976.39
PDV021,2024-10-01,733907.19,0.1766,112058.05
PDV021,2024-11-01,787514.6,0.168,110601.57
PDV021,2024-12-01,812977.12,0.1785,117214.72
PDV021,2025-01-01,597885.15,0.1611,111334.34
PDV021,2025-02-01,628320.31,0.1203,115876.72
PDV021,2025-03-01,681239.47,0.141,117052.15
PDV021,2025-04-01,699703.23,0.1772,113481.07
PDV021,2025-05-01,647238.91,0.1552,113859.66
PDV021,2025-06-01,751130.98,0.1543,112960.36
PDV021,2025-07-01,702106.76,0.1719,121547.77
PDV021,2025-08-01,681281.56,0.1314,113363.76
PDV021,2025-09-01,646941.77,0.1428,116806.86
PDV021,2025-10-01,734327.74,0.1314,110263.29
PDV021,2025-11-01,806108.4,0.1101,122051.32
PDV021,2025-12-01,875912.88,0.1345,114952.71
PDV022,2024-07-01,1036561.43,0.1626,167734.63
PDV022,2024-08-01,1004030.62,0.1509,153205.83
PDV022,2024-09-01,915763.51,0.149,159110.8
PDV022,2024-10-01,974719.85,0.1524,157349.68
PDV022,2024-11-01,1025293.28,0.1226,165236.87
PDV022,2024-12-01,1073096.07,0.1536,161102.02
PDV022,2025-01-01,813021.92,0.166,160389.7
PDV022,2025-02-01,882173.83,0.1531,174500.27
PDV022,2025-03-01,912604.67,0.1509,170873.54
PDV022,2025-04-01,956165.07,0.173,171813.53
PDV022,2025-05-01,981942.2,0.1641,168103.39
PDV022,2025-06-01,928270.74,0.1722,170002.03
PDV022,2025-07-01,1083491.66,0.1529,169185.71
PDV022,2025-08-01,1029413.11,0.1777,163080.85
PDV022,2025-09-01,982784.94,0.1621,173236.39
PDV022,2025-10-01,948796.56,0.1126,173328.87
PDV022,2025-11-01,1038218.64,0.1668,164583.98
PDV022,2025-12-01,1250640.45,0.1524,177229.57
PDV023,2024-07-01,566043.16,0.0875,176355.15
PDV023,2024-08-01,551304.5,0.0562,173529.54
PDV023,2024-09-01,493828.24,0.0892,173800.29
PDV023,2024-10-01,566905.74,0.0477,162478.86
PDV023,2024-11-01,571418.97,0.0534,180629.5
PDV023,2024-12-01,596697.33,0.0417,182225.74
PDV023,2025-01-01,433661.34,0.0774,170295.04
PDV023,2025-02-01,503472.29,0.0679,166748.56
PDV023,2025-03-01,569294.57,0.055,170323.28
PDV023,2025-04-01,522036.45,0.0434,177931.22
PDV023,2025-05-01,622745.91,0.0585,166044.51
PDV023,2025-06-01,513421.2,0.0721,180068.11
PDV023,2025-07-01,612545.55,0.062,168645.21
PDV023,2025-08-01,602590.88,0.0917,182273.4
PDV023,2025-09-01,526876.81,0.0776,174291.74
PDV023,2025-10-01,646557.62,0.0491,169030.38
PDV023,2025-11-01,679540.32,0.0672,168150.72
PDV023,2025-12-01,714814.69,0.0423,172708.71
PDV024,2024-07-01,838708.06,0.045,163267.75
PDV024,2024-08-01,712924.74,0.0439,182117.96
PDV024,2024-09-01,754174.14,0.076,165074.43
PDV024,2024-10-01,817882.87,0.0812,174809.38
PDV024,2024-11-01,893151.9,0.0974,169210.52
PDV024,2024-12-01,1002597.39,0.084,180890.61
PDV024,2025-01-01,649557.08,0.0605,180487.2
PDV024,2025-02-01,769770.43,0.0824,177015.03
PDV024,2025-03-01,868416.1,0.0767,186054.05
PDV024,2025-04-01,843093.68,0.0735,170256.43
PDV024,2025-05-01,794949.44,0.0817,174885.64
PDV024,2025-06-01,794333.77,0.0945,177274.13
PDV024,2025-07-01,848740.13,0.0875,175421.13
PDV024,2025-08-01,956403.26,0.0791,171123.17
PDV024,2025-09-01,844211.2,0.0417,182337.07
PDV024,2025-10-01,979020.51,0.0452,189995.64
PDV024,2025-11-01,1045841.31,0.0883,188419.86
PDV024,2025-12-01,990378.2,0.0908,195292.61
PDV025,2024-07-01,901306.25,0.2324,133676.87
PDV025,2024-08-01,904613.9,0.1863,136658.95
PDV025,2024-09-01,887364.12,0.2162,136882.1
PDV025,2024-10-01,935622.9,0.2127,134449.55
PDV025,2024-11-01,1012921.39,0.2207,136322.84
PDV025,2024-12-01,1022635.56,0.2119,132136.01
PDV025,2025-01-01,760956.85,0.2022,135561.91
PDV025,2025-02-01,802351.47,0.2079,132633.0
PDV025,2025-03-01,885791.31,0.1975,141015.26
PDV025,2025-04-01,868264.71,0.178,132191.98
PDV025,2025-05-01,839555.69,0.1636,139432.45
PDV025,2025-06-01,1016770.28,0.1616,139917.28
PDV025,2025-07-01,964849.06,0.1862,132038.75
PDV025,2025-08-01,918153.38,0.172,136830.91
PDV025,2025-09-01,924678.53,0.201,130467.26
PDV025,2025-10-01,1034574.45,0.1797,143459.02
PDV025,2025-11-01,1021162.25,0.1728,139065.54
PDV025,2025-12-01,1130763.31,0.2001,136550.29
PDV026,2024-07-01,969659.06,0.18,243568.73
PDV026,2024-08-01,913884.16,0.1255,239059.66
PDV026,2024-09-01,866067.13,0.1666,241282.07
PDV026,2024-10-01,905624.53,0.1506,261482.37
PDV026,2024-11-01,1039046.18,0.115,229493.89
PDV026,2024-12-01,1096135.0,0.1397,245854.24
PDV026,2025-01-01,763716.04,0.1457,260367.26
PDV026,2025-02-01,777552.1,0.1347,262751.42
PDV026,2025-03-01,875076.57,0.1605,259949.17
PDV026,2025-04-01,953619.0,0.1699,244875.0
PDV026,2025-05-01,877247.82,0.1397,245542.23
PDV026,2025-06-01,870810.93,0.1518,265997.58
PDV026,2025-07-01,1082053.22,0.1112,238529.69
PDV026,2025-08-01,921841.24,0.1575,255510.05
PDV026,2025-09-01,854462.91,0.1376,257908.09
PDV026,2025-10-01,842327.03,0.1692,252711.79
PDV026,2025-11-01,1190006.39,0.1445,249700.7
PDV026,2025-12-01,1166737.91,0.1235,258737.01
PDV027,2024-07-01,528326.0,0.0804,137367.21
PDV027,2024-08-01,490110.45,0.0797,131277.79
PDV027,2024-09-01,544033.67,0.1009,136937.5
PDV027,2024-10-01,537450.88,0.1081,148398.59
PDV027,2024-11-01,536597.5,0.1156,132012.88
PDV027,2024-12-01,710856.64,0.0822,146390.04
PDV027,2025-01-01,489026.85,0.08,136689.81
PDV027,2025-02-01,518895.09,0.0938,135342.95
PDV027,2025-03-01,575546.77,0.0957,145746.95
PDV027,2025-04-01,574197.03,0.0838,131135.15
PDV027,2025-05-01,555174.66,0.0718,146202.52
PDV027,2025-06-01,568001.82,0.0677,136060.56
PDV027,2025-07-01,582106.64,0.0917,143981.63
PDV027,2025-08-01,588838.91,0.0829,137138.08
PDV027,2025-09-01,551498.21,0.0737,139893.12
PDV027,2025-10-01,703761.23,0.1177,141115.75
PDV027,2025-11-01,670183.62,0.095,140794.4
PDV027,2025-12-01,757866.08,0.073,139224.84
PDV028,2024-07-01,696578.77,0.0406,181821.89
PDV028,2024-08-01,652204.97,0.0807,186709.97
PDV028,2024-09-01,626998.02,0.0999,185745.66
PDV028,2024-10-01,788959.03,0.0827,181978.74
PDV028,2024-11-01,811143.7,0.0841,200967.75
PDV028,2024-12-01,906823.64,0.0959,184940.48
PDV028,2025-01-01,528895.95,0.0984,199893.83
PDV028,2025-02-01,594518.53,0.0716,185289.46
PDV028,2025-03-01,679607.19,0.0764,191375.65
PDV028,2025-04-01,667595.81,0.0829,183280.2
PDV028,2025-05-01,671402.33,0.0582,188422.54
PDV028,2025-06-01,670521.02,0.0892,191953.22
PDV028,2025-07-01,604745.64,0.0669,201894.2
PDV028,2025-08-01,738950.42,0.0615,197027.88
PDV028,2025-09-01,613135.67,0.0495,189018.14
PDV028,2025-10-01,713764.77,0.099,199422.38
PDV028,2025-11-01,717520.06,0.0476,191879.05
PDV028,2025-12-01,781809.15,0.0422,200912.05
PDV029,2024-07-01,590648.8,0.1285,140797.71
PDV029,2024-08-01,574587.84,0.1639,151024.61
PDV029,2024-09-01,600632.24,0.1484,139630.42
PDV029,2024-10-01,616356.11,0.119,136997.65
PDV029,2024-11-01,630671.84,0.1325,144805.97
PDV029,2024-12-01,745876.47,0.1685,143859.73
PDV029,2025-01-01,548286.8,0.152,148813.15
PDV029,2025-02-01,533522.35,0.1673,152712.91
PDV029,2025-03-01,583314.67,0.1612,154779.44
PDV029,2025-04-01,659536.73,0.1519,143724.04
PDV029,2025-05-01,695511.14,0.1485,151461.67
PDV029,2025-06-01,583022.59,0.1452,146437.31
PDV029,2025-07-01,626867.08,0.1522,144270.43
PDV029,2025-08-01,567110.5,0.1217,147125.69
PDV029,2025-09-01,591288.44,0.1455,155287.24
PDV029,2025-10-01,620878.09,0.1105,154831.98
PDV029,2025-11-01,668220.04,0.1184,145380.89
PDV029,2025-12-01,732436.5,0.1787,158780.73
PDV030,2024-07-01,296744.29,0.2059,124511.21
PDV030,2024-08-01,303318.51,0.1835,121102.87
PDV030,2024-09-01,322666.69,0.2271,120885.82
PDV030,2024-10-01,355700.19,0.1862,122334.31
PDV030,2024-11-01,346300.96,0.2235,124929.09
PDV030,2024-12-01,397320.79,0.2009,124890.91
PDV030,2025-01-01,275350.36,0.1961,124376.88
PDV030,2025-02-01,284762.46,0.1854,126774.01
PDV030,2025-03-01,297080.81,0.2133,123100.81
PDV030,2025-04-01,314940.7,0.1645,122346.09
PDV030,2025-05-01,367866.44,0.1917,123969.53
PDV030,2025-06-01,330484.0,0.183,127087.31
PDV030,2025-07-01,306573.01,0.2354,121771.04
PDV030,2025-08-01,313772.05,0.2147,124282.5
PDV030,2025-09-01,308900.08,0.2277,122353.72
PDV030,2025-10-01,303705.6,0.1756,129230.45
PDV030,2025-11-01,318190.04,0.1801,125619.68
PDV030,2025-12-01,349801.7,0.2232,122466.78
PDV031,2024-07-01,450748.89,0.1438,116912.63
PDV031,2024-08-01,416663.71,0.1512,121133.2
PDV031,2024-09-01,420557.99,0.1121,119173.93
PDV031,2024-10-01,479339.06,0.1368,122126.42
PDV031,2024-11-01,528662.43,0.168,121254.55
PDV031,2024-12-01,517755.79,0.1556,123160.75
PDV031,2025-01-01,366808.67,0.1219,124735.2
PDV031,2025-02-01,441018.68,0.1301,125098.46
PDV031,2025-03-01,412892.28,0.1282,127268.1
PDV031,2025-04-01,451265.26,0.1646,125923.89
PDV031,2025-05-01,529825.91,0.1763,121750.91
PDV031,2025-06-01,540397.32,0.1295,113962.3
PDV031,2025-07-01,518032.47,0.1269,125912.37
PDV031,2025-08-01,549034.42,0.1773,127892.84
PDV031,2025-09-01,499921.9,0.1387,127015.81
PDV031,2025-10-01,604847.6,0.1755,124573.24
PDV031,2025-11-01,568424.01,0.1389,121005.2
PDV031,2025-12-01,752614.87,0.1247,129009.2
PDV032,2024-07-01,794938.45,0.2081,140202.78
PDV032,2024-08-01,752495.55,0.2063,140439.43
PDV032,2024-09-01,839553.53,0.1807,139197.44
PDV032,2024-10-01,858434.94,0.1765,148253.01
PDV032,2024-11-01,832384.17,0.1913,144569.8
PDV032,2024-12-01,1072927.26,0.2032,140800.62
PDV032,2025-01-01,766240.33,0.1899,143130.17
PDV032,2025-02-01,697935.1,0.1618,153558.94
PDV032,2025-03-01,821029.98,0.2086,139610.77
PDV032,2025-04-01,848346.17,0.2158,142401.21
PDV032,2025-05-01,926605.36,0.1898,141453.49
PDV032,2025-06-01,814203.01,0.2184,151862.7
PDV032,2025-07-01,1104297.05,0.1756,148367.94
PDV032,2025-08-01,885394.55,0.1978,151177.36
PDV032,2025-09-01,910357.62,0.1932,157828.78
PDV032,2025-10-01,972080.89,0.1897,154795.62
PDV032,2025-11-01,1056117.25,0.2035,139155.68
PDV032,2025-12-01,1248146.28,0.177,148788.74
PDV033,2024-07-01,435482.38,0.1439,150513.11
PDV033,2024-08-01,444080.83,0.1504,157288.65
PDV033,2024-09-01,377229.97,0.1401,158892.37
PDV033,2024-10-01,429917.43,0.1219,156770.24
PDV033,2024-11-01,439476.44,0.1162,162633.51
PDV033,2024-12-01,509517.93,0.1264,163923.99
PDV033,2025-01-01,335573.71,0.1635,155112.49
PDV033,2025-02-01,350248.02,0.1155,166641.17
PDV033,2025-03-01,389305.34,0.1466,155213.6
PDV033,2025-04-01,360344.12,0.1222,167132.17
PDV033,2025-05-01,424659.62,0.1524,159135.25
PDV033,2025-06-01,431852.79,0.1268,167847.04
PDV033,2025-07-01,399644.33,0.1532,158339.76
PDV033,2025-08-01,441040.64,0.1617,156990.35
PDV033,2025-09-01,474408.8,0.1486,164863.77
PDV033,2025-10-01,434373.53,0.1313,157641.49
PDV033,2025-11-01,548649.73,0.138,168387.73
PDV033,2025-12-01,520611.72,0.1198,158385.31
PDV034,2024-07-01,563710.4,0.078,211668.14
PDV034,2024-08-01,577637.42,0.0647,218617.98
PDV034,2024-09-01,544010.68,0.0994,200391.39
PDV034,2024-10-01,552008.9,0.0606,206328.94
PDV034,2024-11-01,633222.95,0.0813,212000.49
PDV034,2024-12-01,712370.68,0.0481,216581.1
PDV034,2025-01-01,496351.67,0.0421,222513.32
PDV034,2025-02-01,455408.66,0.0477,206554.48
PDV034,2025-03-01,475161.35,0.0424,218800.2
PDV034,2025-04-01,446612.99,0.0627,210474.19
PDV034,2025-05-01,538694.14,0.0641,216604.97
PDV034,2025-06-01,498522.47,0.0636,212871.33
PDV034,2025-07-01,544320.28,0.0981,223015.29
PDV034,2025-08-01,488579.95,0.0836,202559.74
PDV034,2025-09-01,464269.68,0.076,207226.38
PDV034,2025-10-01,539802.37,0.0894,227215.67
PDV034,2025-11-01,591697.51,0.0843,222550.31
PDV034,2025-12-01,640939.93,0.0789,223220.65
PDV035,2024-07-01,685869.32,0.1654,142933.02
PDV035,2024-08-01,639688.82,0.1738,147931.06
PDV035,2024-09-01,698361.94,0.2202,142876.89
PDV035,2024-10-01,657661.5,0.1791,146175.75
PDV035,2024-11-01,694058.76,0.2294,150556.46
PDV035,2024-12-01,812963.14,0.1825,149050.49
PDV035,2025-01-01,597967.13,0.2156,144739.51
PDV035,2025-02-01,602702.82,0.1602,148736.86
PDV035,2025-03-01,563227.03,0.1912,158339.73
PDV035,2025-04-01,631965.4,0.2078,153644.84
PDV035,2025-05-01,622818.41,0.1971,152863.88
PDV035,2025-06-01,561213.59,0.1959,158637.24
PDV035,2025-07-01,645986.48,0.1988,156381.08
PDV035,2025-08-01,578620.81,0.2321,153001.29
PDV035,2025-09-01,573677.29,0.1914,141641.08
PDV035,2025-10-01,602835.39,0.1983,154836.04
PDV035,2025-11-01,704288.0,0.1701,160837.82
PDV035,2025-12-01,788043.84,0.2021,153621.85
PDV036,2024-07-01,651509.64,0.1692,139614.93
PDV036,2024-08-01,572823.02,0.1297,144833.04
PDV036,2024-09-01,550388.87,0.1761,140864.39
PDV036,2024-10-01,593992.14,0.1429,149568.88
PDV036,2024-11-01,651993.95,0.1187,139449.77
PDV036,2024-12-01,734381.44,0.1399,141253.27
PDV036,2025-01-01,488288.24,0.1281,145956.95
PDV036,2025-02-01,549460.88,0.1538,144117.74
PDV036,2025-03-01,490475.76,0.1214,153176.44
PDV036,2025-04-01,555586.26,0.1518,151312.14
PDV036,2025-05-01,634641.62,0.143,146701.65
PDV036,2025-06-01,584360.77,0.1401,154097.05
PDV036,2025-07-01,595320.0,0.1745,149792.51
PDV036,2025-08-01,593232.21,0.1172,152736.6
PDV036,2025-09-01,534747.51,0.1557,140792.88
PDV036,2025-10-01,515606.54,0.1492,140877.49
PDV036,2025-11-01,674824.7,0.1429,147998.53
PDV036,2025-12-01,707620.42,0.1505,146265.53
PDV037,2024-07-01,461615.71,0.2162,135716.88
PDV037,2024-08-01,459710.45,0.1738,133475.75
PDV037,2024-09-01,463938.92,0.2042,132164.43
PDV037,2024-10-01,436499.66,0.2088,133523.26
PDV037,2024-11-01,490058.9,0.1644,126451.97
PDV037,2024-12-01,571780.0,0.1964,141932.05
PDV037,2025-01-01,373193.78,0.2034,133059.03
PDV037,2025-02-01,414716.42,0.2379,141146.45
PDV037,2025-03-01,405301.52,0.1615,131214.3
PDV037,2025-04-01,403560.05,0.1802,138213.22
PDV037,2025-05-01,416150.95,0.2382,128299.55
PDV037,2025-06-01,487839.48,0.1949,131636.62
PDV037,2025-07-01,471347.03,0.1669,136709.98
PDV037,2025-08-01,438191.88,0.1789,138233.44
PDV037,2025-09-01,437871.42,0.2335,131355.66
PDV037,2025-10-01,429294.84,0.21,138339.24
PDV037,2025-11-01,504393.03,0.1716,139014.98
PDV037,2025-12-01,623013.29,0.171,143882.1
PDV038,2024-07-01,831996.77,0.1657,150392.0
PDV038,2024-08-01,858141.55,0.2231,151885.11
PDV038,2024-09-01,885921.04,0.1998,142511.65
PDV038,2024-10-01,837558.81,0.1889,149021.21
PDV038,2024-11-01,901154.6,0.1922,137878.4
PDV038,2024-12-01,1224597.61,0.2291,144139.03
PDV038,2025-01-01,693364.33,0.1652,144044.21
PDV038,2025-02-01,830055.83,0.2239,139367.04
PDV038,2025-03-01,786052.41,0.1792,143341.36
PDV038,2025-04-01,890283.19,0.2128,149444.83
PDV038,2025-05-01,893282.69,0.1857,142364.58
PDV038,2025-06-01,807183.76,0.18,156017.72
PDV038,2025-07-01,949179.18,0.2252,147604.34
PDV038,2025-08-01,837716.18,0.1628,139844.15
PDV038,2025-09-01,823834.37,0.2295,156135.2
PDV038,2025-10-01,854029.62,0.192,154708.0
PDV038,2025-11-01,1079311.49,0.2169,157061.36
PDV038,2025-12-01,1086795.32,0.2268,153568.48
PDV039,2024-07-01,238827.22,0.1117,76890.31
PDV039,2024-08-01,268602.95,0.0606,82401.32
PDV039,2024-09-01,226364.42,0.1025,78975.78
PDV039,2024-10-01,263270.61,0.0665,83137.31
PDV039,2024-11-01,286481.78,0.1008,79623.68
PDV039,2024-12-01,324150.73,0.0785,75651.57
PDV039,2025-01-01,217893.75,0.0681,78027.59
PDV039,2025-02-01,237237.88,0.1034,76961.79
PDV039,2025-03-01,257402.26,0.0959,81427.18
PDV039,2025-04-01,253515.59,0.0786,75999.5
PDV039,2025-05-01,229817.61,0.0791,82678.66
PDV039,2025-06-01,262026.86,0.0787,85496.38
PDV039,2025-07-01,266677.17,0.1165,82922.49
PDV039,2025-08-01,254900.5,0.1023,74735.45
PDV039,2025-09-01,251453.55,0.1088,80226.02
PDV039,2025-10-01,285224.65,0.1047,81987.57
PDV039,2025-11-01,316526.51,0.0697,81737.02
PDV039,2025-12-01,364957.13,0.1063,87410.47
PDV040,2024-07-01,989335.72,0.1187,210229.71
PDV040,2024-08-01,1007886.29,0.1325,205146.37
PDV040,2024-09-01,869100.3,0.1338,209920.94
PDV040,2024-10-01,1061504.43,0.1725,203417.93
PDV040,2024-11-01,1109999.76,0.1527,203108.42
PDV040,2024-12-01,1156376.27,0.11,232326.76
PDV040,2025-01-01,880038.37,0.1244,214135.05
PDV040,2025-02-01,838435.88,0.1662,222902.03
PDV040,2025-03-01,966664.57,0.1293,226562.11
PDV040,2025-04-01,902444.66,0.1126,218746.7
PDV040,2025-05-01,905235.96,0.1776,208558.13
PDV040,2025-06-01,857269.99,0.1232,212396.28
PDV040,2025-07-01,1127752.22,0.1724,216429.8
PDV040,2025-08-01,942862.58,0.1501,222700.33
PDV040,2025-09-01,947736.35,0.1599,227569.85
PDV040,2025-10-01,975626.84,0.1235,212493.48
PDV040,2025-11-01,1063830.63,0.164,237555.36
PDV040,2025-12-01,1122068.95,0.162,224943.72
PDV041,2024-07-01,595310.99,0.1577,98525.02
PDV041,2024-08-01,543567.22,0.1497,100704.54
PDV041,2024-09-01,575387.03,0.1647,99574.95
PDV041,2024-10-01,544422.3,0.1608,94713.12
PDV041,2024-11-01,584442.54,0.1298,99809.47
PDV041,2024-12-01,692178.07,0.1693,94977.91
PDV041,2025-01-01,476485.59,0.1538,104053.56
PDV041,2025-02-01,546666.8,0.1637,104606.4
PDV041,2025-03-01,570668.22,0.1545,99282.23
PDV041,2025-04-01,568115.34,0.1562,102769.82
PDV041,2025-05-01,670826.16,0.1648,96923.73
PDV041,2025-06-01,608242.72,0.1404,105503.94
PDV041,2025-07-01,666831.96,0.1463,106666.48
PDV041,2025-08-01,591007.97,0.125,103919.26
PDV041,2025-09-01,596088.8,0.154,102200.5
PDV041,2025-10-01,714410.19,0.1395,99099.93
PDV041,2025-11-01,671865.67,0.1144,106890.19
PDV041,2025-12-01,894957.19,0.1654,101352.14
PDV042,2024-07-01,886750.83,0.1838,138581.49
PDV042,2024-08-01,813010.42,0.2109,132057.25
PDV042,2024-09-01,703935.41,0.2207,136535.21
PDV042,2024-10-01,858321.1,0.1757,142211.5
PDV042,2024-11-01,914378.89,0.2279,137792.73
PDV042,2024-12-01,1068023.01,0.2303,142278.01
PDV042,2025-01-01,766904.74,0.1948,141037.84
PDV042,2025-02-01,801956.01,0.2389,147351.47
PDV042,2025-03-01,846133.12,0.1912,142929.69
PDV042,2025-04-01,823764.13,0.185,136678.86
PDV042,2025-05-01,942191.65,0.2259,139659.73
PDV042,2025-06-01,906510.95,0.2308,137177.85
PDV042,2025-07-01,1056464.05,0.2253,136990.65
PDV042,2025-08-01,969421.21,0.1833,132796.69
PDV042,2025-09-01,948583.51,0.1884,144822.3
PDV042,2025-10-01,1061220.94,0.185,143536.46
PDV042,2025-11-01,1129989.65,0.2325,141582.22
PDV042,2025-12-01,1276139.5,0.214,139848.88
PDV043,2024-07-01,1252419.11,0.0826,243435.29
PDV043,2024-08-01,1149257.3,0.0787,247032.8
PDV043,2024-09-01,977019.3,0.1159,270141.66
PDV043,2024-10-01,1162548.38,0.1152,270879.56
PDV043,2024-11-01,1228290.86,0.0885,258260.23
PDV043,2024-12-01,1400746.08,0.1182,269313.4
PDV043,2025-01-01,965731.07,0.0962,252741.93
PDV043,2025-02-01,1075892.52,0.0763,252854.75
PDV043,2025-03-01,1086493.67,0.1097,264451.31
PDV043,2025-04-01,1121590.01,0.0803,258452.08
PDV043,2025-05-01,1139811.71,0.1161,270624.56
PDV043,2025-06-01,1225837.45,0.1118,272943.68
PDV043,2025-07-01,1168364.35,0.0869,246713.77
PDV043,2025-08-01,1098080.73,0.0849,260493.64
PDV043,2025-09-01,1058878.75,0.0796,270070.66
PDV043,2025-10-01,1260565.68,0.1039,262768.35
PDV043,2025-11-01,1154745.15,0.1115,253377.77
PDV043,2025-12-01,1282719.4,0.0855,276393.95
PDV044,2024-07-01,222582.24,0.0575,111797.6
PDV044,2024-08-01,228466.09,0.052,102705.52
PDV044,2024-09-01,214466.97,0.093,111399.42
PDV044,2024-10-01,242604.0,0.0536,104442.06
PDV044,2024-11-01,266506.99,0.0789,110741.0
PDV044,2024-12-01,286498.88,0.0787,113277.53
PDV044,2025-01-01,216572.66,0.0623,113726.54
PDV044,2025-02-01,206578.29,0.0895,114546.76
PDV044,2025-03-01,243439.44,0.0694,107383.46
PDV044,2025-04-01,224002.52,0.0736,116156.35
PDV044,2025-05-01,241963.01,0.0522,104237.58
PDV044,2025-06-01,255409.37,0.0977,116538.68
PDV044,2025-07-01,262467.12,0.0785,113136.53
PDV044,2025-08-01,231308.16,0.0737,108188.49
PDV044,2025-09-01,251187.91,0.0604,112908.14
PDV044,2025-10-01,237645.27,0.0705,109958.64
PDV044,2025-11-01,280264.77,0.0651,107461.34
PDV044,2025-12-01,286491.42,0.0777,122417.62
PDV045,2024-07-01,1144173.18,0.2162,194552.11
PDV045,2024-08-01,1056913.94,0.1933,202056.49
PDV045,2024-09-01,1079345.77,0.2354,202779.99
PDV045,2024-10-01,1215815.62,0.2177,202881.41
PDV045,2024-11-01,1357673.96,0.1621,208091.8
PDV045,2024-12-01,1582865.29,0.1604,198395.98
PDV045,2025-01-01,1013768.3,0.1643,193225.5
PDV045,2025-02-01,1286940.1,0.2296,198736.96
PDV045,2025-03-01,1320129.94,0.2015,201379.93
PDV045,2025-04-01,1077313.29,0.1812,197272.19
PDV045,2025-05-01,1267601.72,0.2179,204017.68
PDV045,2025-06-01,1338541.84,0.1942,214154.02
PDV045,2025-07-01,1547950.95,0.1945,195433.46
PDV045,2025-08-01,1326372.74,0.1954,205911.79
PDV045,2025-09-01,1209722.58,0.2211,201811.92
PDV045,2025-10-01,1303436.58,0.1933,199563.74
PDV045,2025-11-01,1532116.65,0.1915,193334.59
PDV045,2025-12-01,1651048.35,0.2229,205190.75
PDV046,2024-07-01,376682.65,0.0603,100508.11
PDV046,2024-08-01,422051.2,0.065,98506.26
PDV046,2024-09-01,374783.79,0.0529,99182.83
PDV046,2024-10-01,421266.94,0.0758,101739.67
PDV046,2024-11-01,440660.87,0.0869,98040.89
PDV046,2024-12-01,510447.77,0.0906,103299.12
PDV046,2025-01-01,307565.64,0.0815,104736.14
PDV046,2025-02-01,350202.83,0.0996,96557.98
PDV046,2025-03-01,385819.49,0.0803,111085.34
PDV046,2025-04-01,377000.67,0.0407,99192.35
PDV046,2025-05-01,379593.53,0.0718,105506.53
PDV046,2025-06-01,383460.83,0.0802,106992.62
PDV046,2025-07-01,453937.86,0.0711,100914.2
PDV046,2025-08-01,391870.69,0.0872,102459.77
PDV046,2025-09-01,371299.9,0.056,106604.29
PDV046,2025-10-01,417052.55,0.0708,100752.89
PDV046,2025-11-01,430612.58,0.0971,111796.09
PDV046,2025-12-01,537205.82,0.0402,104386.58
PDV047,2024-07-01,1421030.39,0.0767,265639.91
PDV047,2024-08-01,1168864.16,0.1001,274315.84
PDV047,2024-09-01,1105073.03,0.1073,257986.97
PDV047,2024-10-01,1309293.61,0.0979,250371.37
PDV047,2024-11-01,1432832.48,0.0893,253679.4
PDV047,2024-12-01,1562277.45,0.0793,261088.06
PDV047,2025-01-01,1010013.5,0.0665,259802.01
PDV047,2025-02-01,1146110.34,0.097,268134.61
PDV047,2025-03-01,1066313.46,0.1136,253651.62
PDV047,2025-04-01,1264274.7,0.0968,282336.39
PDV047,2025-05-01,1068710.66,0.1033,266844.77
PDV047,2025-06-01,1335141.9,0.0684,252131.65
PDV047,2025-07-01,1223895.82,0.0795,270422.8
PDV047,2025-08-01,1118133.83,0.1194,252361.09
PDV047,2025-09-01,1159322.47,0.09,262773.82
PDV047,2025-10-01,1204849.23,0.096,273929.73
PDV047,2025-11-01,1213716.5,0.0829,271406.1
PDV047,2025-12-01,1443666.53,0.091,270744.14
PDV048,2024-07-01,1183374.96,0.0672,201296.05
PDV048,2024-08-01,1064635.01,0.1105,190543.16
PDV048,2024-09-01,1091074.6,0.0974,190177.0
PDV048,2024-10-01,1129706.22,0.0754,186889.38
PDV048,2024-11-01,1222721.3,0.0633,195320.96
PDV048,2024-12-01,1435507.28,0.064,188145.89
PDV048,2025-01-01,988182.13,0.0748,202000.78
PDV048,2025-02-01,1010541.34,0.0651,188367.63
PDV048,2025-03-01,1099820.0,0.0721,196180.71
PDV048,2025-04-01,1050543.11,0.1166,193230.13
PDV048,2025-05-01,1190152.39,0.0804,194834.06
PDV048,2025-06-01,1217571.9,0.0869,194633.63
PDV048,2025-07-01,1274050.62,0.092,198216.18
PDV048,2025-08-01,1105817.3,0.0761,197968.08
PDV048,2025-09-01,1192562.89,0.0692,187135.07
PDV048,2025-10-01,1238310.48,0.1197,183052.8
PDV048,2025-11-01,1350939.56,0.0692,189904.49
PDV048,2025-12-01,1534789.45,0.0829,190248.54
PDV049,2024-07-01,950571.98,0.0969,177296.25
PDV049,2024-08-01,922734.96,0.079,179881.64
PDV049,2024-09-01,806911.16,0.0648,181142.55
PDV049,2024-10-01,929879.49,0.0815,177737.04
PDV049,2024-11-01,991346.1,0.0573,165586.25
PDV049,2024-12-01,1279402.1,0.0684,187511.51
PDV049,2025-01-01,761340.1,0.0693,182100.23
PDV049,2025-02-01,850404.52,0.0428,176872.78
PDV049,2025-03-01,835355.31,0.0462,171165.81
PDV049,2025-04-01,875043.61,0.0735,177055.7
PDV049,2025-05-01,862543.48,0.0659,182350.97
PDV049,2025-06-01,879839.32,0.0581,179634.72
PDV049,2025-07-01,941501.09,0.0808,184977.06
PDV049,2025-08-01,959994.88,0.0851,184868.99
PDV049,2025-09-01,805828.28,0.0974,181716.73
PDV049,2025-10-01,917095.89,0.0909,181989.57
PDV049,2025-11-01,1101935.44,0.0861,186336.46
PDV049,2025-12-01,1096838.45,0.08,169836.1
PDV050,2024-07-01,637654.38,0.149,126498.67
PDV050,2024-08-01,646053.02,0.1227,119961.91
PDV050,2024-09-01,695786.39,0.1202,125066.06
PDV050,2024-10-01,771258.73,0.1588,128940.51
PDV050,2024-11-01,707282.57,0.1281,124835.78
PDV050,2024-12-01,838835.87,0.1754,122975.8
PDV050,2025-01-01,595081.03,0.1507,130248.13
PDV050,2025-02-01,681614.09,0.1264,125027.47
PDV050,2025-03-01,651911.0,0.1194,131987.91
PDV050,2025-04-01,709542.46,0.1509,127503.65
PDV050,2025-05-01,730486.76,0.1542,132106.77
PDV050,2025-06-01,783718.03,0.1764,126942.29
PDV050,2025-07-01,743030.55,0.1294,124908.5
PDV050,2025-08-01,702592.17,0.129,126749.02
PDV050,2025-09-01,721380.18,0.1658,121582.6
PDV050,2025-10-01,857912.37,0.1269,124961.64
PDV050,2025-11-01,744574.47,0.1378,133347.81
PDV050,2025-12-01,922289.53,0.1725,134822.44
PDV051,2024-07-01,374871.78,0.1453,85614.99
PDV051,2024-08-01,326549.51,0.1518,85321.94
PDV051,2024-09-01,369118.94,0.1525,85571.44
PDV051,2024-10-01,361529.4,0.131,82140.35
PDV051,2024-11-01,374187.88,0.1359,82487.96
PDV051,2024-12-01,418787.11,0.1585,89466.79
PDV051,2025-01-01,306534.02,0.1688,85996.36
PDV051,2025-02-01,313017.56,0.1791,84471.18
PDV051,2025-03-01,353155.34,0.1147,83957.87
PDV051,2025-04-01,345545.16,0.1167,89575.5
PDV051,2025-05-01,334762.11,0.1682,83570.98
PDV051,2025-06-01,362616.71,0.1345,80585.15
PDV051,2025-07-01,357357.88,0.1647,90898.55
PDV051,2025-08-01,367569.29,0.1346,90059.02
PDV051,2025-09-01,354515.71,0.1603,85837.19
PDV051,2025-10-01,439504.39,0.1481,89616.22
PDV051,2025-11-01,378215.88,0.1187,86358.27
PDV051,2025-12-01,406087.81,0.1228,90187.09
PDV052,2024-07-01,256860.89,0.0995,150682.36
PDV052,2024-08-01,255181.88,0.051,162085.87
PDV052,2024-09-01,237502.4,0.0406,154934.43
PDV052,2024-10-01,244798.27,0.0611,158367.12
PDV052,2024-11-01,266282.02,0.0749,158193.62
PDV052,2024-12-01,278869.67,0.0802,154460.52
PDV052,2025-01-01,194125.17,0.0857,155915.32
PDV052,2025-02-01,181735.02,0.0603,155890.37
PDV052,2025-03-01,228725.67,0.0718,168439.17
PDV052,2025-04-01,225585.45,0.086,161333.01
PDV052,2025-05-01,248563.43,0.0934,163312.49
PDV052,2025-06-01,246892.52,0.0593,161379.95
PDV052,2025-07-01,240151.76,0.0706,157048.58
PDV052,2025-08-01,215048.24,0.0494,169390.66
PDV052,2025-09-01,227588.4,0.0451,169473.93
PDV052,2025-10-01,251755.54,0.0416,161719.76
PDV052,2025-11-01,243390.42,0.0415,170252.74
PDV052,2025-12-01,286178.96,0.0766,165015.79
PDV053,2024-07-01,750929.73,0.1184,179979.11
PDV053,2024-08-01,800975.98,0.0671,175285.31
PDV053,2024-09-01,760066.21,0.0921,173284.73
PDV053,2024-10-01,831364.27,0.0688,170839.68
PDV053,2024-11-01,893981.1,0.0698,174781.38
PDV053,2024-12-01,990666.88,0.0972,183335.07
PDV053,2025-01-01,682220.72,0.1069,177298.65
PDV053,2025-02-01,726506.93,0.0966,180382.47
PDV053,2025-03-01,733427.52,0.1146,177719.93
PDV053,2025-04-01,883720.63,0.1191,180525.58
PDV053,2025-05-01,787148.26,0.1029,171318.35
PDV053,2025-06-01,747688.17,0.1175,183509.57
PDV053,2025-07-01,858357.62,0.118,177465.43
PDV053,2025-08-01,872052.38,0.0971,180403.89
PDV053,2025-09-01,772378.44,0.1018,191368.62
PDV053,2025-10-01,934002.57,0.103,180613.31
PDV053,2025-11-01,1031968.29,0.0685,173997.75
PDV053,2025-12-01,1010943.73,0.0702,178907.59
PDV054,2024-07-01,578110.91,0.0706,128425.71
PDV054,2024-08-01,557142.51,0.0731,135345.77
PDV054,2024-09-01,573949.4,0.0637,140977.79
PDV054,2024-10-01,576640.19,0.0653,139275.67
PDV054,2024-11-01,551255.03,0.11,140801.52
PDV054,2024-12-01,663467.48,0.0865,139721.89
PDV054,2025-01-01,524446.34,0.0874,138813.26
PDV054,2025-02-01,525431.64,0.0914,152477.05
PDV054,2025-03-01,585286.0,0.0937,138215.13
PDV054,2025-04-01,544434.06,0.0964,136331.5
PDV054,2025-05-01,551145.09,0.1016,142981.67
PDV054,2025-06-01,565533.26,0.1007,137265.64
PDV054,2025-07-01,602504.54,0.0904,141179.7
PDV054,2025-08-01,494192.23,0.0892,140932.68
PDV054,2025-09-01,611606.57,0.0694,140663.83
PDV054,2025-10-01,575711.11,0.0763,147393.09
PDV054,2025-11-01,717391.21,0.1151,146918.74
PDV054,2025-12-01,769691.17,0.0905,137207.64
PDV055,2024-07-01,595476.3,0.1694,173925.64
PDV055,2024-08-01,625637.07,0.1245,169040.95
PDV055,2024-09-01,571357.13,0.1259,173839.7
PDV055,2024-10-01,607358.12,0.1661,183150.09
PDV055,2024-11-01,652685.9,0.1665,178100.51
PDV055,2024-12-01,704425.57,0.1292,178963.01
PDV055,2025-01-01,521797.65,0.1544,189638.39
PDV055,2025-02-01,581227.47,0.1598,178681.33
PDV055,2025-03-01,537281.76,0.1581,185313.78
PDV055,2025-04-01,642620.95,0.1401,165722.85
PDV055,2025-05-01,622101.24,0.1244,181257.03
PDV055,2025-06-01,593560.64,0.1423,172633.74
PDV055,2025-07-01,678751.64,0.1232,181672.02
PDV055,2025-08-01,600896.86,0.1734,189469.67
PDV055,2025-09-01,646873.24,0.1144,187483.53
PDV055,2025-10-01,635434.43,0.1731,175099.77
PDV055,2025-11-01,729628.52,0.1224,175019.35
PDV055,2025-12-01,721871.94,0.1383,188424.61
PDV056,2024-07-01,1269517.13,0.1687,184182.93
PDV056,2024-08-01,1230892.39,0.1233,182748.86
PDV056,2024-09-01,1214000.71,0.1464,175218.16
PDV056,2024-10-01,1226746.21,0.1396,196628.22
PDV056,2024-11-01,1420865.2,0.151,190286.6
PDV056,2024-12-01,1440903.83,0.1617,176787.56
PDV056,2025-01-01,1118909.57,0.1154,188276.58
PDV056,2025-02-01,1212469.91,0.1582,180634.42
PDV056,2025-03-01,1226349.36,0.1718,189315.72
PDV056,2025-04-01,1182741.94,0.143,184104.19
PDV056,2025-05-01,1347216.95,0.1535,185641.86
PDV056,2025-06-01,1265445.43,0.1533,177655.32
PDV056,2025-07-01,1273370.96,0.1339,184745.98
PDV056,2025-08-01,1250238.36,0.1775,182328.38
PDV056,2025-09-01,1272536.82,0.1547,186893.19
PDV056,2025-10-01,1477227.95,0.117,178306.55
PDV056,2025-11-01,1418654.75,0.156,184195.89
PDV056,2025-12-01,1599575.26,0.1588,191526.16
PDV057,2024-07-01,476423.08,0.2166,138195.26
PDV057,2024-08-01,474862.84,0.1664,140315.18
PDV057,2024-09-01,451923.63,0.2131,140405.6
PDV057,2024-10-01,493203.75,0.1638,143028.23
PDV057,2024-11-01,516357.84,0.2164,149329.01
PDV057,2024-12-01,598432.67,0.2097,142465.9
PDV057,2025-01-01,415950.62,0.1634,139930.89
PDV057,2025-02-01,407573.15,0.1769,139544.2
PDV057,2025-03-01,451825.79,0.2304,138724.49
PDV057,2025-04-01,467426.53,0.1625,148701.3
PDV057,2025-05-01,434818.14,0.2388,150054.88
PDV057,2025-06-01,426861.28,0.1977,152276.68
PDV057,2025-07-01,445398.27,0.2124,144022.14
PDV057,2025-08-01,451581.6,0.2189,152334.15
PDV057,2025-09-01,447378.53,0.2018,150176.33
PDV057,2025-10-01,457442.94,0.173,151801.95
PDV057,2025-11-01,518200.37,0.2269,156647.06
PDV057,2025-12-01,525806.3,0.2117,150836.42
PDV058,2024-07-01,663295.51,0.1711,166318.58
PDV058,2024-08-01,717204.7,0.1512,153159.98
PDV058,2024-09-01,647337.61,0.1132,166435.95
PDV058,2024-10-01,600439.63,0.1765,164552.5
PDV058,2024-11-01,751327.66,0.1455,162240.31
PDV058,2024-12-01,765597.45,0.1749,166694.68
PDV058,2025-01-01,528641.97,0.1324,165820.76
PDV058,2025-02-01,561833.71,0.1179,160223.2
PDV058,2025-03-01,595479.37,0.1675,168011.46
PDV058,2025-04-01,669651.4,0.1287,169007.75
PDV058,2025-05-01,601716.72,0.1436,165908.32
PDV058,2025-06-01,687617.64,0.133,166844.08
PDV058,2025-07-01,572390.49,0.1518,169830.83
PDV058,2025-08-01,597048.91,0.1206,156786.69
PDV058,2025-09-01,573182.62,0.1746,165925.03
PDV058,2025-10-01,592422.06,0.142,176522.79
PDV058,2025-11-01,648274.97,0.1361,163463.78
PDV058,2025-12-01,723667.29,0.1643,168041.86
PDV059,2024-07-01,795584.35,0.1225,161656.38
PDV059,2024-08-01,643057.84,0.1219,151888.87
PDV059,2024-09-01,690549.85,0.1773,163248.71
PDV059,2024-10-01,716015.2,0.1549,161827.45
PDV059,2024-11-01,823003.35,0.1506,153521.43
PDV059,2024-12-01,917737.35,0.1409,155866.55
PDV059,2025-01-01,618927.36,0.1629,165213.39
PDV059,2025-02-01,665112.51,0.1106,164633.33
PDV059,2025-03-01,677467.5,0.1562,169781.11
PDV059,2025-04-01,688902.49,0.1783,161394.65
PDV059,2025-05-01,742091.07,0.1499,160145.22
PDV059,2025-06-01,676884.59,0.1639,157492.73
PDV059,2025-07-01,778929.51,0.1543,167150.65
PDV059,2025-08-01,668388.59,0.1739,158548.92
PDV059,2025-09-01,672203.22,0.1689,159857.89
PDV059,2025-10-01,744949.2,0.1761,152980.82
PDV059,2025-11-01,790173.17,0.152,171818.19
PDV059,2025-12-01,947013.0,0.1567,161345.2
PDV060,2024-07-01,568687.03,0.1756,119059.85
PDV060,2024-08-01,570642.36,0.1267,125578.75
PDV060,2024-09-01,510889.9,0.1479,125720.17
PDV060,2024-10-01,596814.54,0.1613,123539.03
PDV060,2024-11-01,584458.87,0.1208,130395.89
PDV060,2024-12-01,773278.56,0.1219,121634.84
PDV060,2025-01-01,470092.73,0.1656,133016.49
PDV060,2025-02-01,471342.21,0.1607,125351.35
PDV060,2025-03-01,581255.14,0.1256,129747.88
PDV060,2025-04-01,564634.16,0.1142,122586.17
PDV060,2025-05-01,533519.32,0.169,129748.68
PDV060,2025-06-01,602023.28,0.1216,126750.32
PDV060,2025-07-01,575261.46,0.1104,126709.06
PDV060,2025-08-01,581818.72,0.1309,136097.89
PDV060,2025-09-01,569737.19,0.1174,132696.59
PDV060,2025-10-01,670719.54,0.1286,139124.54
PDV060,2025-11-01,710570.06,0.1762,130131.64
PDV060,2025-12-01,939912.43,0.111,131368.48
PDV061,2024-07-01,1340961.86,0.0996,194295.39
PDV061,2024-08-01,1154809.62,0.1091,182922.98
PDV061,2024-09-01,1176659.71,0.108,182412.44
PDV061,2024-10-01,1374622.92,0.1025,186203.48
PDV061,2024-11-01,1324150.3,0.1198,184803.53
PDV061,2024-12-01,1476575.03,0.0941,195180.53
PDV061,2025-01-01,1020704.84,0.1172,203679.21
PDV061,2025-02-01,1015231.6,0.0925,200949.81
PDV061,2025-03-01,1036105.54,0.112,192211.17
PDV061,2025-04-01,1189227.56,0.0602,196157.18
PDV061,2025-05-01,1182760.72,0.1017,184005.25
PDV061,2025-06-01,1196066.29,0.0621,185135.51
PDV061,2025-07-01,1180606.72,0.073,195884.57
PDV061,2025-08-01,1089679.22,0.0844,193441.58
PDV061,2025-09-01,1009066.34,0.1032,192476.19
PDV061,2025-10-01,1086760.83,0.0702,200119.01
PDV061,2025-11-01,1280406.43,0.1143,202534.62
PDV061,2025-12-01,1267555.86,0.0699,204463.6
PDV062,2024-07-01,580718.56,0.2262,99627.06
PDV062,2024-08-01,637153.08,0.168,106822.94
PDV062,2024-09-01,511885.22,0.2394,102148.26
PDV062,2024-10-01,616790.94,0.2206,100881.71
PDV062,2024-11-01,647261.21,0.2166,102734.32
PDV062,2024-12-01,804499.96,0.1602,108012.34
PDV062,2025-01-01,572468.02,0.1992,99020.96
PDV062,2025-02-01,553363.49,0.1604,108997.18
PDV062,2025-03-01,627850.03,0.2099,102956.68
PDV062,2025-04-01,656511.08,0.1894,106483.74
PDV062,2025-05-01,582349.99,0.2302,107049.68
PDV062,2025-06-01,718181.68,0.188,105697.31
PDV062,2025-07-01,635358.81,0.2377,103525.13
PDV062,2025-08-01,750764.86,0.2319,110673.08
PDV062,2025-09-01,669870.55,0.1681,106818.85
PDV062,2025-10-01,661706.48,0.2272,109977.89
PDV062,2025-11-01,753385.41,0.1647,111571.63
PDV062,2025-12-01,791558.84,0.1904,103430.27
PDV063,2024-07-01,764910.96,0.1722,164046.73
PDV063,2024-08-01,774464.42,0.1308,168900.6
PDV063,2024-09-01,782300.04,0.1159,157284.65
PDV063,2024-10-01,838642.18,0.177,160323.72
PDV063,2024-11-01,922573.99,0.1603,164647.1
PDV063,2024-12-01,1042406.05,0.1796,174467.01
PDV063,2025-01-01,743700.13,0.1153,180268.29
PDV063,2025-02-01,681362.1,0.1787,170675.43
PDV063,2025-03-01,760544.9,0.1764,161343.69
PDV063,2025-04-01,758299.69,0.1171,161816.23
PDV063,2025-05-01,722200.31,0.1782,162820.18
PDV063,2025-06-01,779426.98,0.1278,159605.85
PDV063,2025-07-01,884923.35,0.1751,171838.37
PDV063,2025-08-01,730749.72,0.1705,165787.98
PDV063,2025-09-01,780467.81,0.1603,165405.44
PDV063,2025-10-01,743721.83,0.1721,182338.3
PDV063,2025-11-01,793088.04,0.1654,156020.71
PDV063,2025-12-01,973242.2,0.1133,162328.37
PDV064,2024-07-01,520182.06,0.2002,85090.5
PDV064,2024-08-01,555036.12,0.1947,90297.27
PDV064,2024-09-01,551912.17,0.1996,89084.77
PDV064,2024-10-01,613073.75,0.1739,93253.05
PDV064,2024-11-01,704184.37,0.1635,95386.27
PDV064,2024-12-01,665063.57,0.1719,98283.71
PDV064,2025-01-01,481793.36,0.2001,90643.33
PDV064,2025-02-01,553638.3,0.1949,92517.69
PDV064,2025-03-01,546166.64,0.2398,94762.96
PDV064,2025-04-01,617475.33,0.1716,89753.37
PDV064,2025-05-01,646467.48,0.214,90908.61
PDV064,2025-06-01,684130.13,0.2169,92218.89
PDV064,2025-07-01,632139.04,0.2,90496.4
PDV064,2025-08-01,630237.98,0.2399,91998.27
PDV064,2025-09-01,626709.07,0.2385,90400.9
PDV064,2025-10-01,663299.15,0.1911,94700.27
PDV064,2025-11-01,752906.78,0.2389,93319.41
PDV064,2025-12-01,933384.02,0.1735,95876.3
PDV065,2024-07-01,560228.21,0.0488,130026.55
PDV065,2024-08-01,573917.95,0.087,138957.27
PDV065,2024-09-01,623512.8,0.0702,135692.61
PDV065,2024-10-01,573365.88,0.0503,133024.87
PDV065,2024-11-01,785434.04,0.0472,135971.39
PDV065,2024-12-01,798178.5,0.0454,135376.72
PDV065,2025-01-01,482678.57,0.0991,139339.41
PDV065,2025-02-01,542051.08,0.0452,138707.16
PDV065,2025-03-01,595966.81,0.0941,131577.08
PDV065,2025-04-01,595075.73,0.0919,131591.35
PDV065,2025-05-01,574522.59,0.0708,136972.7
PDV065,2025-06-01,648842.12,0.0567,134892.97
PDV065,2025-07-01,645731.73,0.0818,140735.96
PDV065,2025-08-01,561645.95,0.0479,143927.32
PDV065,2025-09-01,622122.3,0.0823,139514.45
PDV065,2025-10-01,695761.49,0.0662,136879.82
PDV065,2025-11-01,777292.06,0.0467,141688.32
PDV065,2025-12-01,800272.86,0.0562,140058.58
PDV066,2024-07-01,198397.6,0.1177,71691.9
PDV066,2024-08-01,207128.68,0.1235,77753.16
PDV066,2024-09-01,230553.87,0.1608,75140.42
PDV066,2024-10-01,225780.28,0.1573,74894.4
PDV066,2024-11-01,218749.9,0.158,75712.42
PDV066,2024-12-01,284798.83,0.1528,78486.63
PDV066,2025-01-01,188532.08,0.1513,75854.04
PDV066,2025-02-01,188204.97,0.1537,71866.63
PDV066,2025-03-01,215508.16,0.1563,75567.99
PDV066,2025-04-01,226508.27,0.1706,75432.14
PDV066,2025-05-01,230956.78,0.1173,73159.17
PDV066,2025-06-01,244663.95,0.1663,77370.85
PDV066,2025-07-01,230934.74,0.1773,77184.91
PDV066,2025-08-01,218572.39,0.1581,83027.96
PDV066,2025-09-01,222064.37,0.1404,75423.76
PDV066,2025-10-01,258289.01,0.1409,80369.89
PDV066,2025-11-01,276166.03,0.1796,80335.83
PDV066,2025-12-01,317873.51,0.1696,75474.6
PDV067,2024-07-01,563472.8,0.1613,125905.01
PDV067,2024-08-01,531294.15,0.1734,135723.44
PDV067,2024-09-01,539572.98,0.1323,129512.5
PDV067,2024-10-01,554789.48,0.1456,125615.45
PDV067,2024-11-01,584651.19,0.1439,133092.71
PDV067,2024-12-01,559356.02,0.1133,130976.6
PDV067,2025-01-01,405249.06,0.1589,131787.63
PDV067,2025-02-01,443953.76,0.1748,127886.86
PDV067,2025-03-01,538159.92,0.1796,128184.5
PDV067,2025-04-01,522117.69,0.1755,132177.66
PDV067,2025-05-01,556025.16,0.1319,130993.14
PDV067,2025-06-01,508139.59,0.1509,128468.05
PDV067,2025-07-01,534725.93,0.1512,138042.66
PDV067,2025-08-01,520019.9,0.1745,131033.97
PDV067,2025-09-01,528162.91,0.1185,138805.57
PDV067,2025-10-01,568044.37,0.1399,125874.14
PDV067,2025-11-01,545889.54,0.1351,135457.56
PDV067,2025-12-01,588564.61,0.1551,135156.34
PDV068,2024-07-01,695026.3,0.1064,147211.78
PDV068,2024-08-01,683439.77,0.1047,147311.84
PDV068,2024-09-01,627418.09,0.0649,142085.15
PDV068,2024-10-01,733942.45,0.1006,152514.7
PDV068,2024-11-01,731298.69,0.0991,145645.22
PDV068,2024-12-01,799083.09,0.0937,154057.75
PDV068,2025-01-01,539326.23,0.0759,153053.72
PDV068,2025-02-01,648801.85,0.1145,150462.24
PDV068,2025-03-01,700559.03,0.1106,146925.41
PDV068,2025-04-01,747499.21,0.0689,153161.87
PDV068,2025-05-01,790832.31,0.0921,145670.75
PDV068,2025-06-01,853121.23,0.0612,155445.35
PDV068,2025-07-01,827411.07,0.114,155043.58
PDV068,2025-08-01,724357.54,0.0617,154119.39
PDV068,2025-09-01,771944.27,0.0748,152867.98
PDV068,2025-10-01,727128.48,0.0926,155792.95
PDV068,2025-11-01,911230.39,0.0799,154146.94
PDV068,2025-12-01,870312.72,0.0808,158449.0
PDV069,2024-07-01,346018.3,0.0682,145806.53
PDV069,2024-08-01,292826.68,0.0551,140488.02
PDV069,2024-09-01,345861.41,0.0466,148306.43
PDV069,2024-10-01,365491.18,0.056,144008.59
PDV069,2024-11-01,370333.7,0.0853,140066.81
PDV069,2024-12-01,440672.87,0.0775,139313.41
PDV069,2025-01-01,278032.32,0.0933,143428.99
PDV069,2025-02-01,284976.88,0.0753,155951.95
PDV069,2025-03-01,330019.12,0.0999,156240.6
PDV069,2025-04-01,328896.75,0.0485,147527.2
PDV069,2025-05-01,280628.98,0.0722,144245.48
PDV069,2025-06-01,309604.27,0.0983,148640.13
PDV069,2025-07-01,319562.75,0.0976,153511.1
PDV069,2025-08-01,328445.44,0.0833,141276.18
PDV069,2025-09-01,332078.3,0.0528,149410.08
PDV069,2025-10-01,334556.44,0.0752,151926.49
PDV069,2025-11-01,337314.71,0.0987,152024.44
PDV069,2025-12-01,409448.87,0.0533,156754.62
PDV070,2024-07-01,1058649.75,0.1753,165805.99
PDV070,2024-08-01,1216760.5,0.1479,156343.61
PDV070,2024-09-01,1004223.97,0.1456,164876.79
PDV070,2024-10-01,1060928.22,0.1661,155886.76
PDV070,2024-11-01,1143982.74,0.1228,160800.53
PDV070,2024-12-01,1449824.41,0.1506,162107.0
PDV070,2025-01-01,885257.69,0.1506,160366.92
PDV070,2025-02-01,1085199.46,0.145,158151.74
PDV070,2025-03-01,902244.11,0.1384,167354.41
PDV070,2025-04-01,1047126.24,0.1609,164453.75
PDV070,2025-05-01,922296.52,0.164,170384.08
PDV070,2025-06-01,1079141.19,0.1476,152127.28
PDV070,2025-07-01,1043569.35,0.1761,167351.96
PDV070,2025-08-01,1060634.63,0.1628,165329.76
PDV070,2025-09-01,1015663.54,0.1447,162375.78
PDV070,2025-10-01,1119391.29,0.1553,162147.66
PDV070,2025-11-01,1257529.46,0.1776,172172.8
PDV070,2025-12-01,1333947.18,0.1731,167202.32
