id_pdv,mes,receita_bruta,receita_liquida,devolucoes
PDV001,2024-07-01,881338.69,816720.09,64618.61
PDV001,2024-08-01,846028.28,786940.61,59087.67
PDV001,2024-09-01,879193.2,814412.73,64780.47
PDV001,2024-10-01,950327.27,903469.19,46858.08
PDV001,2024-11-01,940100.57,876958.79,63141.78
PDV001,2024-12-01,1124970.49,1057006.37,67964.13
PDV001,2025-01-01,860863.7,805553.96,55309.74
PDV001,2025-02-01,899185.3,851227.55,47957.75
PDV001,2025-03-01,910683.43,853370.66,57312.78
PDV001,2025-04-01,959515.61,882301.22,77214.39
PDV001,2025-05-01,848240.8,799865.33,48375.47
PDV001,2025-06-01,1021404.15,948195.76,73208.39
PDV001,2025-07-01,896671.83,844680.03,51991.8
PDV001,2025-08-01,1030965.67,958202.61,72763.07
PDV001,2025-09-01,999817.03,944633.8,55183.23
PDV001,2025-10-01,996773.47,918648.01,78125.46
PDV001,2025-11-01,1132846.1,1053961.87,78884.23
PDV001,2025-12-01,1336652.74,1246340.91,90311.82
PDV002,2024-07-01,360664.51,349072.97,11591.54
PDV002,2024-08-01,347913.37,340142.17,7771.2
PDV002,2024-09-01,347910.65,336327.48,11583.16
PDV002,2024-10-01,353962.7,343161.86,10800.85
PDV002,2024-11-01,393782.02,377981.29,15800.73
PDV002,2024-12-01,433081.6,418244.74,14836.86
PDV002,2025-01-01,320464.71,311611.33,8853.38
PDV002,2025-02-01,369413.15,360025.87,9387.28
PDV002,2025-03-01,370323.67,362685.91,7637.76
PDV002,2025-04-01,349356.27,341169.33,8186.95
PDV002,2025-05-01,368244.72,356992.4,11252.32
PDV002,2025-06-01,363975.07,349612.34,14362.73
PDV002,2025-07-01,366411.38,354795.94,11615.44
PDV002,2025-08-01,346417.74,336854.92,9562.81
PDV002,2025-09-01,358135.13,344662.43,13472.71
PDV002,2025-10-01,383613.08,367827.15,15785.93
PDV002,2025-11-01,398242.7,385014.9,13227.8
PDV002,2025-12-01,500551.15,487264.71,13286.44
PDV003,2024-07-01,399225.96,372686.9,26539.06
PDV003,2024-08-01,420247.39,388790.88,31456.51
PDV003,2024-09-01,412456.75,388067.65,24389.1
PDV003,2024-10-01,473166.78,450435.32,22731.45
PDV003,2024-11-01,461016.37,432178.83,28837.54
PDV003,2024-12-01,599758.98,559417.9,40341.08
PDV003,2025-01-01,387090.88,363614.61,23476.27
PDV003,2025-02-01,364346.45,338494.68,25851.78
PDV003,2025-03-01,462941.93,435391.89,27550.04
PDV003,2025-04-01,444902.79,417380.19,27522.6
PDV003,2025-05-01,435902.57,409446.24,26456.34
PDV003,2025-06-01,458356.76,435857.61,22499.15
PDV003,2025-07-01,481190.52,455661.35,25529.17
PDV003,2025-08-01,420323.39,399369.28,20954.11
PDV003,2025-09-01,417103.88,392321.18,24782.7
PDV003,2025-10-01,507303.33,475252.57,32050.76
PDV003,2025-11-01,457738.53,429575.98,28162.55
PDV003,2025-12-01,611529.41,575136.97,36392.44
PDV004,2024-07-01,904270.89,854491.65,49779.24
PDV004,2024-08-01,835579.9,789125.36,46454.54
PDV004,2024-09-01,759767.15,721214.29,38552.86
PDV004,2024-10-01,832266.55,783267.44,48999.11
PDV004,2024-11-01,997365.81,930839.01,66526.8
PDV004,2024-12-01,1248301.4,1188516.71,59784.69
PDV004,2025-01-01,768656.74,720576.07,48080.67
PDV004,2025-02-01,864516.71,811901.03,52615.68
PDV004,2025-03-01,925541.94,869681.53,55860.41
PDV004,2025-04-01,904122.67,860666.15,43456.52
PDV004,2025-05-01,953045.15,904437.61,48607.53
PDV004,2025-06-01,937802.01,887700.37,50101.64
PDV004,2025-07-01,1000860.26,936372.64,64487.62
PDV004,2025-08-01,1029517.43,989052.89,40464.55
PDV004,2025-09-01,915972.18,875993.37,39978.81
PDV004,2025-10-01,1034062.97,973232.93,60830.05
PDV004,2025-11-01,1187440.89,1126288.76,61152.13
PDV004,2025-12-01,1451659.56,1355842.14,95817.42
PDV005,2024-07-01,580411.43,555964.99,24446.44
PDV005,2024-08-01,505216.93,481427.86,23789.07
PDV005,2024-09-01,555273.25,527932.34,27340.92
PDV005,2024-10-01,594898.19,569037.64,25860.56
PDV005,2024-11-01,630153.74,599734.02,30419.72
PDV005,2024-12-01,688687.4,655019.39,33668.01
PDV005,2025-01-01,536106.82,508394.92,27711.9
PDV005,2025-02-01,588433.1,558539.03,29894.07
PDV005,2025-03-01,680833.03,649004.82,31828.21
PDV005,2025-04-01,632259.5,608155.05,24104.46
PDV005,2025-05-01,667339.15,632987.91,34351.25
PDV005,2025-06-01,696805.81,661415.58,35390.22
PDV005,2025-07-01,662253.93,622334.25,39919.68
PDV005,2025-08-01,662185.44,633172.34,29013.09
PDV005,2025-09-01,703529.53,663834.08,39695.45
PDV005,2025-10-01,780774.97,744631.38,36143.59
PDV005,2025-11-01,781762.73,734881.2,46881.54
PDV005,2025-12-01,987958.25,921907.23,66051.01
PDV006,2024-07-01,342608.6,317937.9,24670.69
PDV006,2024-08-01,304442.86,287215.41,17227.46
PDV006,2024-09-01,338491.23,316038.83,22452.4
PDV006,2024-10-01,286158.09,267763.73,18394.37
PDV006,2024-11-01,371201.45,344556.13,26645.32
PDV006,2024-12-01,389419.47,362568.38,26851.09
PDV006,2025-01-01,269650.09,253672.0,15978.09
PDV006,2025-02-01,269380.64,254379.26,15001.38
PDV006,2025-03-01,275097.88,259167.63,15930.25
PDV006,2025-04-01,287260.55,265759.38,21501.17
PDV006,2025-05-01,307165.14,288623.75,18541.39
PDV006,2025-06-01,300444.03,276855.83,23588.2
PDV006,2025-07-01,316705.43,299597.45,17107.98
PDV006,2025-08-01,322884.34,302638.69,20245.65
PDV006,2025-09-01,300711.35,280389.5,20321.85
PDV006,2025-10-01,308642.92,289030.91,19612.01
PDV006,2025-11-01,307410.58,290585.41,16825.17
PDV006,2025-12-01,338620.97,311189.02,27431.95
PDV007,2024-07-01,261315.93,255978.78,5337.15
PDV007,2024-08-01,238058.41,234263.3,3795.11
PDV007,2024-09-01,280685.35,276785.68,3899.67
PDV007,2024-10-01,285404.46,278921.42,6483.04
PDV007,2024-11-01,237014.32,230462.95,6551.37
PDV007,2024-12-01,302469.05,296130.95,6338.1
PDV007,2025-01-01,221802.91,220357.51,1445.4
PDV007,2025-02-01,240497.45,233932.93,6564.52
PDV007,2025-03-01,240760.95,235007.77,5753.18
PDV007,2025-04-01,222790.29,216679.11,6111.17
PDV007,2025-05-01,239317.35,231314.76,8002.59
PDV007,2025-06-01,223592.35,221912.73,1679.62
PDV007,2025-07-01,241174.07,238846.86,2327.21
PDV007,2025-08-01,220878.35,214095.27,6783.08
PDV007,2025-09-01,212778.86,206041.95,6736.92
PDV007,2025-10-01,228537.16,225337.33,3199.83
PDV007,2025-11-01,248776.55,245805.61,2970.94
PDV007,2025-12-01,281955.15,277188.01,4767.14
PDV008,2024-07-01,433326.7,417284.38,16042.31
PDV008,2024-08-01,387868.04,371043.24,16824.81
PDV008,2024-09-01,358251.19,345747.24,12503.95
PDV008,2024-10-01,389592.51,374215.64,15376.87
PDV008,2024-11-01,439853.06,421848.92,18004.14
PDV008,2024-12-01,438903.85,426745.5,12158.34
PDV008,2025-01-01,333265.9,326209.13,7056.77
PDV008,2025-02-01,350756.73,339210.15,11546.59
PDV008,2025-03-01,354498.37,341408.92,13089.45
PDV008,2025-04-01,382009.64,365727.29,16282.35
PDV008,2025-05-01,349518.55,336464.95,13053.6
PDV008,2025-06-01,394677.08,383159.1,11517.97
PDV008,2025-07-01,389783.43,376981.34,12802.08
PDV008,2025-08-01,368953.06,356873.06,12079.99
PDV008,2025-09-01,346866.95,337118.37,9748.58
PDV008,2025-10-01,369233.82,355078.64,14155.18
PDV008,2025-11-01,418460.53,405107.92,13352.61
PDV008,2025-12-01,456467.76,442162.06,14305.7
PDV009,2024-07-01,664775.37,638274.39,26500.98
PDV009,2024-08-01,583321.79,557034.21,26287.58
PDV009,2024-09-01,610983.3,601097.48,9885.81
PDV009,2024-10-01,669210.27,642376.33,26833.94
PDV009,2024-11-01,725045.48,711010.66,14034.82
PDV009,2024-12-01,812531.29,776087.7,36443.59
PDV009,2025-01-01,523659.11,507276.68,16382.43
PDV009,2025-02-01,548205.69,519093.01,29112.68
PDV009,2025-03-01,580433.37,567193.54,13239.83
PDV009,2025-04-01,524585.25,502697.35,21887.9
PDV009,2025-05-01,534816.6,514588.64,20227.96
PDV009,2025-06-01,590262.95,574665.24,15597.71
PDV009,2025-07-01,599597.17,580953.18,18643.99
PDV009,2025-08-01,529268.28,512493.11,16775.17
PDV009,2025-09-01,523941.99,506969.62,16972.37
PDV009,2025-10-01,562694.74,551249.1,11445.64
PDV009,2025-11-01,642748.65,619577.5,23171.15
PDV009,2025-12-01,810181.78,784076.53,26105.25
PDV010,2024-07-01,335614.46,320617.99,14996.47
PDV010,2024-08-01,305074.83,287158.32,17916.51
PDV010,2024-09-01,304131.21,286987.58,17143.63
PDV010,2024-10-01,346354.93,326133.48,20221.45
PDV010,2024-11-01,317768.33,296449.59,21318.74
PDV010,2024-12-01,392272.43,376985.9,15286.53
PDV010,2025-01-01,250411.82,240768.04,9643.78
PDV010,2025-02-01,291808.52,272723.18,19085.34
PDV010,2025-03-01,295426.52,282008.86,13417.67
PDV010,2025-04-01,320156.65,301927.56,18229.09
PDV010,2025-05-01,310322.42,294420.92,15901.5
PDV010,2025-06-01,283283.45,270107.16,13176.29
PDV010,2025-07-01,353125.12,337089.63,16035.49
PDV010,2025-08-01,296565.89,281369.47,15196.43
PDV010,2025-09-01,307397.61,293463.25,13934.36
PDV010,2025-10-01,307190.48,292215.5,14974.97
PDV010,2025-11-01,320929.58,303093.43,17836.15
PDV010,2025-12-01,342828.35,325193.95,17634.41
PDV011,2024-07-01,622948.75,600960.46,21988.29
PDV011,2024-08-01,514461.57,484723.26,29738.31
PDV011,2024-09-01,536618.21,508034.64,28583.57
PDV011,2024-10-01,633073.59,601428.42,31645.17
PDV011,2024-11-01,706056.78,671743.1,34313.69
PDV011,2024-12-01,799008.75,761404.58,37604.17
PDV011,2025-01-01,553135.63,529945.3,23190.33
PDV011,2025-02-01,535027.51,514209.2,20818.31
PDV011,2025-03-01,612356.66,590473.63,21883.03
PDV011,2025-04-01,619100.27,589123.42,29976.85
PDV011,2025-05-01,625165.45,592786.1,32379.35
PDV011,2025-06-01,614915.86,591722.36,23193.5
PDV011,2025-07-01,614363.65,598363.93,15999.72
PDV011,2025-08-01,655693.34,628935.92,26757.42
PDV011,2025-09-01,641384.37,620389.69,20994.67
PDV011,2025-10-01,628519.82,599077.25,29442.57
PDV011,2025-11-01,791372.52,754811.16,36561.36
PDV011,2025-12-01,807350.53,761229.29,46121.24
PDV012,2024-07-01,536544.35,514975.99,21568.36
PDV012,2024-08-01,505458.42,484850.49,20607.93
PDV012,2024-09-01,566682.67,533434.95,33247.71
PDV012,2024-10-01,581257.25,555955.89,25301.37
PDV012,2024-11-01,584810.85,553167.27,31643.58
PDV012,2024-12-01,639283.14,608702.89,30580.25
PDV012,2025-01-01,516858.02,496941.86,19916.16
PDV012,2025-02-01,508870.87,490274.21,18596.66
PDV012,2025-03-01,567468.01,532134.47,35333.54
PDV012,2025-04-01,587250.21,565650.47,21599.74
PDV012,2025-05-01,595952.48,560039.64,35912.84
PDV012,2025-06-01,623497.95,594376.88,29121.07
PDV012,2025-07-01,580603.96,552549.2,28054.76
PDV012,2025-08-01,585134.69,561341.5,23793.19
PDV012,2025-09-01,595535.81,566574.8,28961.01
PDV012,2025-10-01,717109.24,692730.61,24378.62
PDV012,2025-11-01,689460.68,654187.55,35273.13
PDV012,2025-12-01,792467.53,751915.14,40552.39
PDV013,2024-07-01,616534.86,595565.31,20969.54
PDV013,2024-08-01,520460.6,501440.52,19020.08
PDV013,2024-09-01,632664.56,607083.2,25581.36
PDV013,2024-10-01,671343.8,642006.7,29337.1
PDV013,2024-11-01,669242.95,637521.28,31721.68
PDV013,2024-12-01,696215.39,666840.11,29375.28
PDV013,2025-01-01,572527.77,557484.02,15043.75
PDV013,2025-02-01,641288.9,614342.31,26946.59
PDV013,2025-03-01,647661.49,620842.3,26819.19
PDV013,2025-04-01,656351.75,637243.22,19108.53
PDV013,2025-05-01,600863.84,576458.57,24405.27
PDV013,2025-06-01,680254.27,658661.09,21593.18
PDV013,2025-07-01,660530.21,639235.54,21294.67
PDV013,2025-08-01,631890.8,608946.25,22944.55
PDV013,2025-09-01,591470.43,576016.89,15453.54
PDV013,2025-10-01,634443.97,608951.15,25492.82
PDV013,2025-11-01,808500.12,772658.33,35841.79
PDV013,2025-12-01,856644.55,829423.06,27221.5
PDV014,2024-07-01,192965.17,183364.46,9600.71
PDV014,2024-08-01,186150.87,176221.12,9929.75
PDV014,2024-09-01,194861.87,184182.99,10678.88
PDV014,2024-10-01,203809.55,192865.68,10943.87
PDV014,2024-11-01,207760.86,198633.09,9127.77
PDV014,2024-12-01,219904.78,206384.01,13520.77
PDV014,2025-01-01,176877.4,166999.9,9877.5
PDV014,2025-02-01,181638.0,174470.28,7167.71
PDV014,2025-03-01,182082.15,171159.18,10922.97
PDV014,2025-04-01,182325.49,172907.26,9418.23
PDV014,2025-05-01,203628.4,194554.11,9074.29
PDV014,2025-06-01,242833.9,233649.24,9184.67
PDV014,2025-07-01,204840.65,193403.76,11436.89
PDV014,2025-08-01,207682.21,195479.94,12202.27
PDV014,2025-09-01,189100.81,177327.92,11772.89
PDV014,2025-10-01,245828.57,232572.18,13256.39
PDV014,2025-11-01,233778.42,224395.84,9382.58
PDV014,2025-12-01,280215.57,267921.67,12293.89
PDV015,2024-07-01,1017698.21,976461.17,41237.03
PDV015,2024-08-01,1001412.01,965247.05,36164.96
PDV015,2024-09-01,1074379.97,1039198.35,35181.62
PDV015,2024-10-01,1120003.04,1094903.46,25099.57
PDV015,2024-11-01,1022049.9,982271.12,39778.78
PDV015,2024-12-01,1231693.55,1200909.66,30783.89
PDV015,2025-01-01,835189.45,793143.2,42046.25
PDV015,2025-02-01,808356.82,786287.98,22068.84
PDV015,2025-03-01,914299.61,879661.68,34637.93
PDV015,2025-04-01,967304.95,934359.91,32945.04
PDV015,2025-05-01,1001062.83,960650.35,40412.48
PDV015,2025-06-01,1092406.97,1060446.18,31960.8
PDV015,2025-07-01,935288.57,910714.55,24574.02
PDV015,2025-08-01,818559.84,786670.12,31889.72
PDV015,2025-09-01,832195.94,804194.63,28001.31
PDV015,2025-10-01,974797.79,934787.66,40010.13
PDV015,2025-11-01,937289.34,920559.72,16729.61
PDV015,2025-12-01,1206187.45,1176792.38,29395.08
PDV016,2024-07-01,455423.69,426239.66,29184.03
PDV016,2024-08-01,409653.38,386910.24,22743.14
PDV016,2024-09-01,461140.29,430477.86,30662.44
PDV016,2024-10-01,441174.96,415432.09,25742.87
PDV016,2024-11-01,532530.94,499871.28,32659.66
PDV016,2024-12-01,593603.16,555663.1,37940.05
PDV016,2025-01-01,372555.92,347009.23,25546.69
PDV016,2025-02-01,380535.01,356683.58,23851.43
PDV016,2025-03-01,475279.73,442683.51,32596.22
PDV016,2025-04-01,409308.6,383679.82,25628.78
PDV016,2025-05-01,465647.27,432082.08,33565.19
PDV016,2025-06-01,452478.4,420617.12,31861.29
PDV016,2025-07-01,532613.49,496212.81,36400.68
PDV016,2025-08-01,472757.67,441211.95,31545.73
PDV016,2025-09-01,436185.29,403499.16,32686.12
PDV016,2025-10-01,546679.1,519341.35,27337.75
PDV016,2025-11-01,488278.73,455007.72,33271.0
PDV016,2025-12-01,576340.4,541883.12,34457.28
PDV017,2024-07-01,960622.2,933283.78,27338.42
PDV017,2024-08-01,1037835.83,1015860.07,21975.76
PDV017,2024-09-01,1055198.68,1035426.59,19772.08
PDV017,2024-10-01,1051152.59,1045896.83,5255.76
PDV017,2024-11-01,1055606.35,1035183.52,20422.83
PDV017,2024-12-01,1328455.47,1300873.83,27581.64
PDV017,2025-01-01,963414.46,958597.39,4817.07
PDV017,2025-02-01,1024301.8,1011911.18,12390.62
PDV017,2025-03-01,1103462.47,1072309.75,31152.72
PDV017,2025-04-01,1202143.54,1195205.28,6938.26
PDV017,2025-05-01,1175135.11,1152019.28,23115.83
PDV017,2025-06-01,1207131.93,1201096.27,6035.66
PDV017,2025-07-01,1239775.55,1206133.03,33642.52
PDV017,2025-08-01,1121117.06,1115511.47,5605.59
PDV017,2025-09-01,1220106.26,1209790.29,10315.96
PDV017,2025-10-01,1319875.96,1313276.58,6599.38
PDV017,2025-11-01,1419169.34,1404385.56,14783.78
PDV017,2025-12-01,1537700.24,1530011.74,7688.5
PDV018,2024-07-01,297828.74,274828.79,22999.95
PDV018,2024-08-01,301810.84,275526.17,26284.68
PDV018,2024-09-01,302917.58,280178.31,22739.27
PDV018,2024-10-01,322047.99,292008.36,30039.63
PDV018,2024-11-01,349826.86,319890.06,29936.8
PDV018,2024-12-01,417270.35,381521.36,35748.99
PDV018,2025-01-01,278695.93,253431.5,25264.43
PDV018,2025-02-01,318515.54,298010.11,20505.43
PDV018,2025-03-01,348468.94,316343.86,32125.07
PDV018,2025-04-01,290634.69,266123.22,24511.47
PDV018,2025-05-01,355340.29,324919.63,30420.66
PDV018,2025-06-01,389268.29,359349.57,29918.72
PDV018,2025-07-01,378339.64,351576.84,26762.8
PDV018,2025-08-01,379911.29,348026.26,31885.03
PDV018,2025-09-01,315368.3,292652.66,22715.65
PDV018,2025-10-01,393658.68,365111.55,28547.13
PDV018,2025-11-01,415773.15,384909.31,30863.84
PDV018,2025-12-01,436034.22,403056.3,32977.92
PDV019,2024-07-01,282267.29,267066.62,15200.66
PDV019,2024-08-01,258800.75,242583.39,16217.36
PDV019,2024-09-01,253035.12,237138.45,15896.67
PDV019,2024-10-01,272597.83,256161.77,16436.06
PDV019,2024-11-01,280568.77,264915.64,15653.13
PDV019,2024-12-01,359127.8,336347.07,22780.73
PDV019,2025-01-01,233523.17,223402.22,10120.95
PDV019,2025-02-01,271725.82,260861.39,10864.42
PDV019,2025-03-01,268326.79,253924.77,14402.02
PDV019,2025-04-01,265999.94,256709.04,9290.9
PDV019,2025-05-01,263382.19,246510.23,16871.97
PDV019,2025-06-01,284463.75,271445.02,13018.73
PDV019,2025-07-01,293628.18,278385.74,15242.44
PDV019,2025-08-01,264282.68,250770.61,13512.07
PDV019,2025-09-01,263322.27,250298.99,13023.29
PDV019,2025-10-01,258106.42,245944.61,12161.8
PDV019,2025-11-01,354319.63,333036.15,21283.48
PDV019,2025-12-01,354690.03,332851.61,21838.42
PDV020,2024-07-01,477017.55,449855.48,27162.07
PDV020,2024-08-01,399208.21,379727.32,19480.89
PDV020,2024-09-01,386165.0,373732.36,12432.63
PDV020,2024-10-01,410100.8,386632.66,23468.14
PDV020,2024-11-01,487984.72,465067.11,22917.6
PDV020,2024-12-01,533151.31,510325.33,22825.98
PDV020,2025-01-01,354984.39,343230.05,11754.35
PDV020,2025-02-01,401839.42,385406.44,16432.99
PDV020,2025-03-01,442186.84,416779.13,25407.72
PDV020,2025-04-01,441700.43,418573.1,23127.33
PDV020,2025-05-01,482187.06,454495.55,27691.51
PDV020,2025-06-01,432653.55,402216.98,30436.58
PDV020,2025-07-01,498106.18,467002.2,31103.98
PDV020,2025-08-01,514710.87,484451.26,30259.6
PDV020,2025-09-01,499728.36,471637.11,28091.24
PDV020,2025-10-01,513400.08,497408.35,15991.73
PDV020,2025-11-01,578379.44,544025.17,34354.27
PDV020,2025-12-01,570900.75,545033.28,25867.47
PDV021,2024-07-01,676035.69,654769.45,21266.25
PDV021,2024-08-01,557135.13,542116.5,15018.62
PDV021,2024-09-01,616077.28,593953.95,22123.32
PDV021,2024-10-01,666727.79,655963.59,10764.21
PDV021,2024-11-01,751938.89,723909.52,28029.37
PDV021,2024-12-01,766226.41,751740.7,14485.71
PDV021,2025-01-01,556576.03,536641.44,19934.59
PDV021,2025-02-01,567693.28,547198.09,20495.19
PDV021,2025-03-01,643537.97,628792.05,14745.93
PDV021,2025-04-01,642459.59,620268.37,22191.22
PDV021,2025-05-01,619806.48,605180.71,14625.77
PDV021,2025-06-01,723821.18,709087.62,14733.56
PDV021,2025-07-01,662807.25,641020.68,21786.57
PDV021,2025-08-01,615349.38,596927.37,18422.01
PDV021,2025-09-01,602942.09,585189.78,17752.31
PDV021,2025-10-01,665622.42,647834.41,17788.01
PDV021,2025-11-01,760801.73,749593.75,11207.98
PDV021,2025-12-01,846171.7,813057.75,33113.95
PDV022,2024-07-01,943997.52,896355.19,47642.33
PDV022,2024-08-01,918356.54,880777.07,37579.47
PDV022,2024-09-01,852789.47,818608.62,34180.85
PDV022,2024-10-01,888653.2,841584.44,47068.76
PDV022,2024-11-01,963891.57,919699.92,44191.65
PDV022,2024-12-01,1012312.03,969852.26,42459.77
PDV022,2025-01-01,737134.16,704239.79,32894.37
PDV022,2025-02-01,804475.44,764558.32,39917.12
PDV022,2025-03-01,874255.71,831466.42,42789.29
PDV022,2025-04-01,919467.96,880096.0,39371.96
PDV022,2025-05-01,909806.4,856480.79,53325.62
PDV022,2025-06-01,896460.03,846173.53,50286.5
PDV022,2025-07-01,979486.15,925261.23,54224.92
PDV022,2025-08-01,929499.34,894369.71,35129.62
PDV022,2025-09-01,891114.69,848220.25,42894.44
PDV022,2025-10-01,905447.74,848197.69,57250.05
PDV022,2025-11-01,947994.84,897354.82,50640.02
PDV022,2025-12-01,1176392.94,1121687.2,54705.74
PDV023,2024-07-01,528010.09,505015.49,22994.6
PDV023,2024-08-01,521759.36,494346.02,27413.34
PDV023,2024-09-01,477836.31,456728.01,21108.3
PDV023,2024-10-01,521415.61,494987.96,26427.65
PDV023,2024-11-01,541668.04,522339.96,19328.08
PDV023,2024-12-01,543545.11,519269.1,24276.0
PDV023,2025-01-01,401228.31,379127.98,22100.33
PDV023,2025-02-01,477935.16,444069.49,33865.67
PDV023,2025-03-01,539741.2,516395.35,23345.85
PDV023,2025-04-01,496640.57,469904.73,26735.83
PDV023,2025-05-01,574783.41,543095.84,31687.57
PDV023,2025-06-01,496661.66,469538.11,27123.54
PDV023,2025-07-01,565408.79,536983.9,28424.89
PDV023,2025-08-01,550173.39,517639.17,32534.22
PDV023,2025-09-01,511128.43,487774.87,23353.55
PDV023,2025-10-01,587947.02,561269.49,26677.53
PDV023,2025-11-01,638624.1,602107.51,36516.6
PDV023,2025-12-01,692506.87,656750.09,35756.78
PDV024,2024-07-01,779601.53,750163.84,29437.69
PDV024,2024-08-01,672593.37,636882.94,35710.43
PDV024,2024-09-01,711876.5,686246.73,25629.77
PDV024,2024-10-01,772206.28,729343.4,42862.88
PDV024,2024-11-01,850821.21,815389.77,35431.44
PDV024,2024-12-01,908582.79,879928.14,28654.65
PDV024,2025-01-01,604268.51,579016.85,25251.67
PDV024,2025-02-01,693955.77,673392.54,20563.23
PDV024,2025-03-01,804215.59,771336.72,32878.87
PDV024,2025-04-01,788036.78,757281.65,30755.13
PDV024,2025-05-01,741093.41,710393.2,30700.21
PDV024,2025-06-01,746063.5,721712.41,24351.09
PDV024,2025-07-01,821645.16,793123.72,28521.44
PDV024,2025-08-01,866635.28,834956.2,31679.08
PDV024,2025-09-01,817252.67,783657.3,33595.37
PDV024,2025-10-01,922591.43,884597.56,37993.86
PDV024,2025-11-01,956257.82,922953.74,33304.08
PDV024,2025-12-01,949964.87,899053.08,50911.79
PDV025,2024-07-01,819486.68,807283.47,12203.21
PDV025,2024-08-01,845441.03,834242.99,11198.05
PDV025,2024-09-01,826014.49,819433.55,6580.94
PDV025,2024-10-01,850752.52,831551.8,19200.72
PDV025,2024-11-01,939552.06,928056.87,11495.19
PDV025,2024-12-01,977008.82,970830.01,6178.8
PDV025,2025-01-01,719717.67,705060.76,14656.91
PDV025,2025-02-01,727207.12,716276.87,10930.26
PDV025,2025-03-01,816241.25,793565.51,22675.74
PDV025,2025-04-01,798749.73,790565.39,8184.34
PDV025,2025-05-01,807884.82,803052.53,4832.29
PDV025,2025-06-01,939084.74,910719.28,28365.46
PDV025,2025-07-01,874601.24,854712.22,19889.02
PDV025,2025-08-01,842212.31,835586.47,6625.84
PDV025,2025-09-01,895909.38,871660.56,24248.82
PDV025,2025-10-01,939339.94,933155.19,6184.75
PDV025,2025-11-01,985408.1,974080.73,11327.37
PDV025,2025-12-01,1050874.36,1035596.87,15277.49
PDV026,2024-07-01,886125.79,852470.61,33655.18
PDV026,2024-08-01,831348.29,805154.76,26193.54
PDV026,2024-09-01,823760.64,792444.76,31315.88
PDV026,2024-10-01,822945.11,790212.25,32732.85
PDV026,2024-11-01,1001011.38,950559.32,50452.06
PDV026,2024-12-01,1002828.32,966715.66,36112.66
PDV026,2025-01-01,723452.69,706841.29,16611.4
PDV026,2025-02-01,742069.82,717165.14,24904.68
PDV026,2025-03-01,841538.86,803867.09,37671.77
PDV026,2025-04-01,914849.58,890019.21,24830.38
PDV026,2025-05-01,843228.01,799171.97,44056.04
PDV026,2025-06-01,844480.21,811812.82,32667.39
PDV026,2025-07-01,996959.06,967491.09,29467.97
PDV026,2025-08-01,835917.64,797883.81,38033.82
PDV026,2025-09-01,805478.72,766114.66,39364.06
PDV026,2025-10-01,772309.13,742764.8,29544.33
PDV026,2025-11-01,1098684.3,1062336.82,36347.48
PDV026,2025-12-01,1090262.14,1046288.5,43973.64
PDV027,2024-07-01,485671.31,456114.97,29556.34
PDV027,2024-08-01,467363.97,435882.54,31481.43
PDV027,2024-09-01,506040.97,472396.01,33644.96
PDV027,2024-10-01,506159.12,478399.96,27759.16
PDV027,2024-11-01,516002.78,482477.21,33525.57
PDV027,2024-12-01,640996.24,595921.38,45074.87
PDV027,2025-01-01,456736.66,422565.13,34171.52
PDV027,2025-02-01,470677.15,442745.3,27931.85
PDV027,2025-03-01,522640.58,495574.22,27066.36
PDV027,2025-04-01,533585.25,504909.5,28675.75
PDV027,2025-05-01,506704.83,467008.53,39696.3
PDV027,2025-06-01,548995.0,511005.47,37989.53
PDV027,2025-07-01,540041.17,510376.48,29664.69
PDV027,2025-08-01,531729.0,496543.49,35185.51
PDV027,2025-09-01,535395.42,513080.61,22314.81
PDV027,2025-10-01,635762.27,595780.5,39981.78
PDV027,2025-11-01,643646.79,603814.54,39832.24
PDV027,2025-12-01,699637.14,656282.62,43354.53
PDV028,2024-07-01,664171.04,611391.19,52779.84
PDV028,2024-08-01,605715.47,574477.24,31238.23
PDV028,2024-09-01,595288.82,558598.71,36690.11
PDV028,2024-10-01,752379.46,699734.58,52644.87
PDV028,2024-11-01,754778.01,705895.42,48882.59
PDV028,2024-12-01,829025.09,764265.25,64759.84
PDV028,2025-01-01,508926.26,475817.81,33108.46
PDV028,2025-02-01,549103.7,518203.67,30900.03
PDV028,2025-03-01,613044.98,572420.03,40624.95
PDV028,2025-04-01,615142.06,577668.69,37473.38
PDV028,2025-05-01,605361.64,557835.92,47525.72
PDV028,2025-06-01,617259.55,565872.28,51387.27
PDV028,2025-07-01,584911.98,546514.69,38397.29
PDV028,2025-08-01,669925.91,628872.21,41053.69
PDV028,2025-09-01,591333.41,548592.12,42741.29
PDV028,2025-10-01,659858.1,615633.97,44224.13
PDV028,2025-11-01,656489.15,614677.69,41811.46
PDV028,2025-12-01,756249.02,711213.92,45035.1
PDV029,2024-07-01,552970.11,533859.41,19110.7
PDV029,2024-08-01,537839.85,513560.12,24279.74
PDV029,2024-09-01,548110.46,527023.73,21086.73
PDV029,2024-10-01,573913.61,551207.01,22706.6
PDV029,2024-11-01,600421.57,582729.16,17692.42
PDV029,2024-12-01,688932.42,673301.09,15631.33
PDV029,2025-01-01,525721.89,509701.42,16020.47
PDV029,2025-02-01,484842.04,472689.91,12152.13
PDV029,2025-03-01,543589.8,523933.57,19656.22
PDV029,2025-04-01,603692.54,587471.8,16220.74
PDV029,2025-05-01,630385.45,614006.11,16379.34
PDV029,2025-06-01,551801.88,534231.46,17570.42
PDV029,2025-07-01,582216.19,568785.3,13430.89
PDV029,2025-08-01,531515.73,509210.91,22304.82
PDV029,2025-09-01,534173.22,517497.63,16675.59
PDV029,2025-10-01,597578.74,582928.19,14650.55
PDV029,2025-11-01,634314.45,606667.76,27646.69
PDV029,2025-12-01,710622.4,691829.16,18793.24
PDV030,2024-07-01,277069.7,275684.36,1385.35
PDV030,2024-08-01,277075.42,271562.91,5512.51
PDV030,2024-09-01,312082.5,307949.21,4133.29
PDV030,2024-10-01,322426.32,312408.99,10017.34
PDV030,2024-11-01,317433.28,309847.74,7585.54
PDV030,2024-12-01,367685.12,361786.34,5898.78
PDV030,2025-01-01,254110.76,247805.89,6304.87
PDV030,2025-02-01,264469.41,262680.33,1789.08
PDV030,2025-03-01,280306.58,273720.21,6586.37
PDV030,2025-04-01,286549.71,277091.57,9458.14
PDV030,2025-05-01,335685.48,332103.51,3581.97
PDV030,2025-06-01,305559.72,297441.24,8118.47
PDV030,2025-07-01,289734.95,284765.57,4969.38
PDV030,2025-08-01,283646.07,277715.08,5930.98
PDV030,2025-09-01,284582.23,280759.34,3822.89
PDV030,2025-10-01,288778.38,282704.68,6073.7
PDV030,2025-11-01,292962.31,283674.41,9287.9
PDV030,2025-12-01,334243.28,328004.72,6238.57
PDV031,2024-07-01,418717.36,406472.27,12245.1
PDV031,2024-08-01,398819.87,376784.83,22035.04
PDV031,2024-09-01,399819.66,384965.28,14854.37
PDV031,2024-10-01,460029.27,439006.03,21023.24
PDV031,2024-11-01,489726.8,473271.99,16454.81
PDV031,2024-12-01,486496.73,467292.93,19203.81
PDV031,2025-01-01,354199.08,336431.47,17767.61
PDV031,2025-02-01,414838.11,396963.98,17874.12
PDV031,2025-03-01,396495.99,380962.89,15533.1
PDV031,2025-04-01,437642.04,417257.05,20384.99
PDV031,2025-05-01,479221.84,461802.75,17419.09
PDV031,2025-06-01,490459.49,475180.03,15279.46
PDV031,2025-07-01,502855.93,487617.19,15238.75
PDV031,2025-08-01,504459.23,485268.14,19191.09
PDV031,2025-09-01,479023.56,459718.65,19304.9
PDV031,2025-10-01,556824.58,530057.93,26766.65
PDV031,2025-11-01,546456.59,531002.85,15453.74
PDV031,2025-12-01,678566.08,649892.64,28673.43
PDV032,2024-07-01,724521.08,711500.14,13020.94
PDV032,2024-08-01,709833.28,697972.96,11860.32
PDV032,2024-09-01,766057.43,762227.14,3830.29
PDV032,2024-10-01,817201.45,808294.29,8907.16
PDV032,2024-11-01,787063.54,775478.89,11584.65
PDV032,2024-12-01,995864.96,983270.57,12594.39
PDV032,2025-01-01,693877.07,690258.28,3618.79
PDV032,2025-02-01,667104.04,661770.59,5333.45
PDV032,2025-03-01,757810.56,749815.81,7994.75
PDV032,2025-04-01,814930.49,810855.84,4074.65
PDV032,2025-05-01,855217.18,839153.52,16063.66
PDV032,2025-06-01,782081.94,778171.53,3910.41
PDV032,2025-07-01,999609.08,990836.52,8772.56
PDV032,2025-08-01,838667.99,827245.75,11422.24
PDV032,2025-09-01,838999.11,821943.29,17055.82
PDV032,2025-10-01,897260.56,873694.02,23566.54
PDV032,2025-11-01,1022454.59,1014361.98,8092.61
PDV032,2025-12-01,1159160.93,1153365.12,5795.8
PDV033,2024-07-01,395145.64,381604.26,13541.38
PDV033,2024-08-01,410861.03,390821.98,20039.05
PDV033,2024-09-01,350384.08,336862.31,13521.77
PDV033,2024-10-01,401678.21,380063.89,21614.32
PDV033,2024-11-01,417138.48,396117.76,21020.72
PDV033,2024-12-01,466078.03,451464.12,14613.92
PDV033,2025-01-01,321500.45,307427.4,14073.04
PDV033,2025-02-01,334900.07,317509.19,17390.88
PDV033,2025-03-01,363751.54,347475.48,16276.06
PDV033,2025-04-01,349327.27,333437.03,15890.24
PDV033,2025-05-01,385700.46,371366.0,14334.46
PDV033,2025-06-01,401519.92,388204.12,13315.81
PDV033,2025-07-01,384845.54,370953.53,13892.01
PDV033,2025-08-01,399282.72,383707.96,15574.76
PDV033,2025-09-01,435367.3,413442.64,21924.66
PDV033,2025-10-01,394897.17,378133.86,16763.31
PDV033,2025-11-01,501416.04,480909.64,20506.4
PDV033,2025-12-01,491628.25,471385.89,20242.35
PDV034,2024-07-01,542444.71,511478.47,30966.23
PDV034,2024-08-01,523959.44,495877.96,28081.48
PDV034,2024-09-01,516743.82,485075.68,31668.13
PDV034,2024-10-01,530995.35,499027.87,31967.48
PDV034,2024-11-01,593711.33,562436.92,31274.41
PDV034,2024-12-01,656261.79,613105.63,43156.16
PDV034,2025-01-01,481467.43,457098.43,24368.99
PDV034,2025-02-01,428175.67,395058.37,33117.3
PDV034,2025-03-01,443037.81,420044.71,22993.11
PDV034,2025-04-01,416429.95,391052.96,25377.0
PDV034,2025-05-01,500930.45,467827.16,33103.29
PDV034,2025-06-01,477838.5,445108.51,32729.99
PDV034,2025-07-01,524276.03,493818.99,30457.04
PDV034,2025-08-01,465236.1,439561.89,25674.21
PDV034,2025-09-01,434630.49,411594.48,23036.01
PDV034,2025-10-01,490535.73,461341.31,29194.42
PDV034,2025-11-01,547257.88,515434.72,31823.16
PDV034,2025-12-01,618352.29,574210.83,44141.46
PDV035,2024-07-01,636433.2,623840.06,12593.14
PDV035,2024-08-01,589448.29,575629.95,13818.35
PDV035,2024-09-01,642756.42,629265.38,13491.05
PDV035,2024-10-01,594732.02,584359.12,10372.9
PDV035,2024-11-01,662550.2,655374.25,7175.95
PDV035,2024-12-01,753552.17,736472.7,17079.47
PDV035,2025-01-01,547150.96,529409.39,17741.58
PDV035,2025-02-01,557004.19,542318.11,14686.08
PDV035,2025-03-01,512361.28,493044.34,19316.94
PDV035,2025-04-01,576544.28,562634.06,13910.22
PDV035,2025-05-01,567804.11,553984.58,13819.53
PDV035,2025-06-01,543506.81,524974.88,18531.93
PDV035,2025-07-01,585828.06,567664.83,18163.24
PDV035,2025-08-01,549440.97,542896.42,6544.55
PDV035,2025-09-01,517114.48,512695.54,4418.94
PDV035,2025-10-01,546375.15,530882.32,15492.82
PDV035,2025-11-01,646547.82,638301.01,8246.81
PDV035,2025-12-01,719282.18,706454.25,12827.93
PDV036,2024-07-01,611922.48,584995.85,26926.63
PDV036,2024-08-01,530973.44,515122.62,15850.82
PDV036,2024-09-01,516877.48,496846.67,20030.81
PDV036,2024-10-01,536196.52,511124.65,25071.87
PDV036,2024-11-01,604271.38,585596.78,18674.6
PDV036,2024-12-01,710993.2,694237.03,16756.17
PDV036,2025-01-01,455656.73,440490.44,15166.29
PDV036,2025-02-01,500665.81,478577.02,22088.79
PDV036,2025-03-01,448851.19,428497.29,20353.91
PDV036,2025-04-01,508120.96,495105.34,13015.62
PDV036,2025-05-01,588992.09,563631.33,25360.76
PDV036,2025-06-01,550579.4,525907.39,24672.01
PDV036,2025-07-01,545890.48,533074.79,12815.69
PDV036,2025-08-01,554922.8,531473.97,23448.84
PDV036,2025-09-01,484055.61,471830.48,12225.13
PDV036,2025-10-01,491922.5,481455.47,10467.03
PDV036,2025-11-01,622385.43,605103.03,17282.4
PDV036,2025-12-01,658949.97,641247.79,17702.18
PDV037,2024-07-01,439213.45,426203.39,13010.06
PDV037,2024-08-01,434983.95,422996.74,11987.21
PDV037,2024-09-01,422689.5,408295.07,14394.43
PDV037,2024-10-01,401649.34,387566.54,14082.8
PDV037,2024-11-01,442264.25,431520.51,10743.74
PDV037,2024-12-01,530967.73,528312.89,2654.84
PDV037,2025-01-01,354541.86,345181.33,9360.53
PDV037,2025-02-01,385086.5,373370.4,11716.1
PDV037,2025-03-01,390553.98,380635.35,9918.62
PDV037,2025-04-01,370276.86,358705.3,11571.55
PDV037,2025-05-01,400669.31,388596.69,12072.61
PDV037,2025-06-01,452836.99,440918.71,11918.27
PDV037,2025-07-01,440149.27,426387.03,13762.24
PDV037,2025-08-01,398865.72,391483.82,7381.9
PDV037,2025-09-01,420294.99,403445.69,16849.3
PDV037,2025-10-01,414943.2,405236.53,9706.67
PDV037,2025-11-01,469461.95,455381.94,14080.0
PDV037,2025-12-01,570594.07,564819.4,5774.67
PDV038,2024-07-01,807126.24,770020.49,37105.76
PDV038,2024-08-01,792449.95,768855.11,23594.84
PDV038,2024-09-01,806057.44,787540.35,18517.08
PDV038,2024-10-01,788906.32,777737.61,11168.71
PDV038,2024-11-01,840041.73,827104.41,12937.32
PDV038,2024-12-01,1114738.64,1081393.09,33345.54
PDV038,2025-01-01,661845.58,649585.02,12260.55
PDV038,2025-02-01,755447.95,740604.17,14843.77
PDV038,2025-03-01,718265.51,710320.56,7944.95
PDV038,2025-04-01,824506.73,805456.39,19050.34
PDV038,2025-05-01,811087.57,794913.89,16173.68
PDV038,2025-06-01,752632.62,746315.82,6316.8
PDV038,2025-07-01,874443.38,845803.85,28639.53
PDV038,2025-08-01,805754.5,801725.73,4028.77
PDV038,2025-09-01,786140.9,768371.93,17768.97
PDV038,2025-10-01,828812.31,807799.45,21012.86
PDV038,2025-11-01,993116.84,972493.46,20623.38
PDV038,2025-12-01,1011681.05,981480.12,30200.93
PDV039,2024-07-01,217853.93,207390.6,10463.34
PDV039,2024-08-01,250959.44,238485.47,12473.97
PDV039,2024-09-01,209998.62,200344.68,9653.94
PDV039,2024-10-01,247660.63,239523.73,8136.9
PDV039,2024-11-01,276522.55,262104.4,14418.16
PDV039,2024-12-01,301299.1,286794.06,14505.04
PDV039,2025-01-01,199981.99,191369.29,8612.69
PDV039,2025-02-01,221168.75,212963.59,8205.16
PDV039,2025-03-01,232127.29,221562.38,10564.9
PDV039,2025-04-01,237877.57,228986.28,8891.3
PDV039,2025-05-01,220029.44,213706.78,6322.66
PDV039,2025-06-01,248890.42,237446.3,11444.12
PDV039,2025-07-01,240258.95,230115.03,10143.91
PDV039,2025-08-01,230268.49,218533.65,11734.84
PDV039,2025-09-01,235283.46,225805.89,9477.57
PDV039,2025-10-01,273325.22,261771.33,11553.89
PDV039,2025-11-01,288707.28,273020.76,15686.52
PDV039,2025-12-01,329384.47,314391.92,14992.55
PDV040,2024-07-01,894507.62,871067.29,23440.32
PDV040,2024-08-01,919577.91,895308.98,24268.94
PDV040,2024-09-01,821372.14,794457.34,26914.8
PDV040,2024-10-01,968427.24,932739.2,35688.04
PDV040,2024-11-01,1009234.71,979771.54,29463.17
PDV040,2024-12-01,1083035.11,1040657.41,42377.7
PDV040,2025-01-01,821756.84,797033.17,24723.67
PDV040,2025-02-01,772127.86,752503.46,19624.39
PDV040,2025-03-01,914729.32,883459.4,31269.93
PDV040,2025-04-01,850467.57,826227.27,24240.31
PDV040,2025-05-01,825238.02,798580.75,26657.27
PDV040,2025-06-01,810019.36,781738.9,28280.47
PDV040,2025-07-01,1024087.18,988429.3,35657.88
PDV040,2025-08-01,898306.67,870509.06,27797.61
PDV040,2025-09-01,853874.74,834336.8,19537.94
PDV040,2025-10-01,930167.97,913078.93,17089.04
PDV040,2025-11-01,978392.51,952211.73,26180.78
PDV040,2025-12-01,1043965.74,1010477.32,33488.42
PDV041,2024-07-01,577301.15,556773.15,20528.0
PDV041,2024-08-01,505125.76,486393.79,18731.97
PDV041,2024-09-01,550042.38,528873.2,21169.19
PDV041,2024-10-01,527833.86,508548.94,19284.92
PDV041,2024-11-01,541094.39,521938.13,19156.26
PDV041,2024-12-01,670148.01,649982.41,20165.6
PDV041,2025-01-01,448801.53,426653.65,22147.87
PDV041,2025-02-01,508120.31,481692.49,26427.83
PDV041,2025-03-01,543020.39,518951.48,24068.92
PDV041,2025-04-01,523280.31,504198.38,19081.93
PDV041,2025-05-01,624634.37,605754.62,18879.75
PDV041,2025-06-01,552100.62,534453.55,17647.07
PDV041,2025-07-01,610627.79,587728.65,22899.13
PDV041,2025-08-01,535343.67,519405.68,15937.99
PDV041,2025-09-01,570221.59,552550.81,17670.78
PDV041,2025-10-01,654284.57,624910.35,29374.23
PDV041,2025-11-01,624479.22,599810.07,24669.15
PDV041,2025-12-01,813627.43,789309.72,24317.71
PDV042,2024-07-01,850037.57,824713.49,25324.07
PDV042,2024-08-01,733655.46,708775.82,24879.64
PDV042,2024-09-01,648292.8,631803.5,16489.3
PDV042,2024-10-01,826733.68,814816.03,11917.65
PDV042,2024-11-01,834944.44,807757.14,27187.3
PDV042,2024-12-01,990388.28,949467.93,40920.36
PDV042,2025-01-01,699455.5,681502.35,17953.15
PDV042,2025-02-01,768483.17,745491.06,22992.11
PDV042,2025-03-01,799066.54,775248.1,23818.45
PDV042,2025-04-01,789986.68,769358.87,20627.81
PDV042,2025-05-01,899750.44,873582.49,26167.95
PDV042,2025-06-01,857770.18,826921.6,30848.58
PDV042,2025-07-01,956060.08,916486.61,39573.47
PDV042,2025-08-01,900313.75,882673.18,17640.56
PDV042,2025-09-01,902381.48,876133.17,26248.31
PDV042,2025-10-01,1026953.68,1004541.94,22411.74
PDV042,2025-11-01,1079104.07,1037961.91,41142.15
PDV042,2025-12-01,1176265.82,1145248.86,31016.95
PDV043,2024-07-01,1140643.18,1077751.19,62891.99
PDV043,2024-08-01,1101930.27,1048106.37,53823.9
PDV043,2024-09-01,902827.0,858846.9,43980.1
PDV043,2024-10-01,1081817.49,1041386.71,40430.77
PDV043,2024-11-01,1112240.66,1061550.44,50690.21
PDV043,2024-12-01,1268975.24,1202903.78,66071.47
PDV043,2025-01-01,873539.7,829846.6,43693.11
PDV043,2025-02-01,1017847.77,970764.2,47083.58
PDV043,2025-03-01,989733.27,957047.06,32686.21
PDV043,2025-04-01,1036782.14,991075.97,45706.17
PDV043,2025-05-01,1070784.71,1030702.61,40082.1
PDV043,2025-06-01,1143020.76,1088826.15,54194.61
PDV043,2025-07-01,1061262.86,1012373.28,48889.58
PDV043,2025-08-01,1059384.41,999040.18,60344.23
PDV043,2025-09-01,962835.84,925102.91,37732.94
PDV043,2025-10-01,1135753.29,1085802.38,49950.91
PDV043,2025-11-01,1084669.47,1042748.17,41921.3
PDV043,2025-12-01,1235113.21,1197804.5,37308.71
PDV044,2024-07-01,210748.61,197310.21,13438.4
PDV044,2024-08-01,209587.91,198531.97,11055.94
PDV044,2024-09-01,208075.9,197492.82,10583.09
PDV044,2024-10-01,225054.19,209071.4,15982.78
PDV044,2024-11-01,247367.4,232003.5,15363.9
PDV044,2024-12-01,267587.84,251268.0,16319.84
PDV044,2025-01-01,198418.36,187472.71,10945.65
PDV044,2025-02-01,199717.28,185788.32,13928.96
PDV044,2025-03-01,232079.47,218739.96,13339.51
PDV044,2025-04-01,213020.27,199771.4,13248.86
PDV044,2025-05-01,218640.11,204991.13,13648.99
PDV044,2025-06-01,242605.38,228705.12,13900.26
PDV044,2025-07-01,241066.17,224461.29,16604.88
PDV044,2025-08-01,214792.23,200891.48,13900.75
PDV044,2025-09-01,241074.54,223897.45,17177.09
PDV044,2025-10-01,222462.16,206026.69,16435.47
PDV044,2025-11-01,270973.22,253893.78,17079.44
PDV044,2025-12-01,271687.22,257358.43,14328.79
PDV045,2024-07-01,1072981.56,1044287.66,28693.9
PDV045,2024-08-01,979398.02,937752.86,41645.16
PDV045,2024-09-01,985491.22,967795.6,17695.62
PDV045,2024-10-01,1177195.5,1112693.21,64502.28
PDV045,2024-11-01,1289968.66,1267605.93,22362.73
PDV045,2024-12-01,1436549.99,1401078.99,35471.0
PDV045,2025-01-01,978034.27,952776.23,25258.05
PDV045,2025-02-01,1163201.3,1132039.75,31161.55
PDV045,2025-03-01,1243633.53,1202796.39,40837.13
PDV045,2025-04-01,1036034.11,1004580.5,31453.6
PDV045,2025-05-01,1223476.01,1182545.12,40930.89
PDV045,2025-06-01,1294571.14,1248194.51,46376.64
PDV045,2025-07-01,1424998.9,1379612.97,45385.93
PDV045,2025-08-01,1218347.93,1198096.74,20251.18
PDV045,2025-09-01,1131017.25,1109250.85,21766.4
PDV045,2025-10-01,1202811.94,1182777.05,20034.89
PDV045,2025-11-01,1417219.25,1367622.53,49596.72
PDV045,2025-12-01,1573721.42,1526508.68,47212.74
PDV046,2024-07-01,356041.35,338463.78,17577.57
PDV046,2024-08-01,386577.5,368854.17,17723.33
PDV046,2024-09-01,363719.15,344471.67,19247.49
PDV046,2024-10-01,400636.46,383252.77,17383.69
PDV046,2024-11-01,415252.94,396150.58,19102.36
PDV046,2024-12-01,482415.34,453034.5,29380.84
PDV046,2025-01-01,288444.79,273361.6,15083.19
PDV046,2025-02-01,329150.89,310396.85,18754.04
PDV046,2025-03-01,356085.03,336520.23,19564.8
PDV046,2025-04-01,345756.08,323342.76,22413.32
PDV046,2025-05-01,367260.03,344961.28,22298.76
PDV046,2025-06-01,367272.98,346687.34,20585.64
PDV046,2025-07-01,420755.15,395570.55,25184.6
PDV046,2025-08-01,367515.99,341259.69,26256.3
PDV046,2025-09-01,348541.24,327400.44,21140.8
PDV046,2025-10-01,382078.03,359783.08,22294.94
PDV046,2025-11-01,401477.29,378670.12,22807.17
PDV046,2025-12-01,495082.67,462209.05,32873.62
PDV047,2024-07-01,1350240.82,1268901.9,81338.93
PDV047,2024-08-01,1068837.41,1003809.93,65027.49
PDV047,2024-09-01,1007662.96,951976.44,55686.52
PDV047,2024-10-01,1253155.04,1171316.08,81838.96
PDV047,2024-11-01,1369009.38,1284384.96,84624.42
PDV047,2024-12-01,1413484.52,1322754.41,90730.11
PDV047,2025-01-01,958219.34,892062.76,66156.58
PDV047,2025-02-01,1046155.25,982596.73,63558.53
PDV047,2025-03-01,1031028.9,970625.12,60403.78
PDV047,2025-04-01,1167920.68,1070428.74,97491.95
PDV047,2025-05-01,996423.22,931422.84,65000.38
PDV047,2025-06-01,1247378.68,1175888.5,71490.18
PDV047,2025-07-01,1119205.85,1055497.84,63708.0
PDV047,2025-08-01,1050491.82,971293.34,79198.48
PDV047,2025-09-01,1074272.55,1006020.19,68252.36
PDV047,2025-10-01,1133082.85,1035270.12,97812.73
PDV047,2025-11-01,1150948.89,1066109.92,84838.98
PDV047,2025-12-01,1312779.35,1232169.5,80609.85
PDV048,2024-07-01,1088440.21,1014151.08,74289.12
PDV048,2024-08-01,993604.3,925037.44,68566.86
PDV048,2024-09-01,1009798.06,929031.02,80767.04
PDV048,2024-10-01,1084493.44,1010859.91,73633.53
PDV048,2024-11-01,1117939.3,1038922.9,79016.4
PDV048,2024-12-01,1319635.76,1232473.44,87162.32
PDV048,2025-01-01,911071.08,846838.61,64232.48
PDV048,2025-02-01,950279.84,861436.3,88843.54
PDV048,2025-03-01,1031045.23,955485.04,75560.19
PDV048,2025-04-01,985836.79,919393.84,66442.95
PDV048,2025-05-01,1076879.98,993643.95,83236.02
PDV048,2025-06-01,1106598.92,1028227.77,78371.15
PDV048,2025-07-01,1160863.23,1069005.91,91857.31
PDV048,2025-08-01,1028775.05,957827.9,70947.15
PDV048,2025-09-01,1121273.35,1040768.53,80504.83
PDV048,2025-10-01,1121935.8,1032064.95,89870.85
PDV048,2025-11-01,1292403.6,1177630.16,114773.44
PDV048,2025-12-01,1427482.27,1341184.97,86297.3
PDV049,2024-07-01,861646.63,838642.56,23004.07
PDV049,2024-08-01,893837.48,864147.74,29689.74
PDV049,2024-09-01,751620.05,726187.48,25432.57
PDV049,2024-10-01,847725.07,832447.36,15277.71
PDV049,2024-11-01,907585.7,876039.81,31545.89
PDV049,2024-12-01,1155439.61,1135315.22,20124.39
PDV049,2025-01-01,724671.23,696182.27,28488.97
PDV049,2025-02-01,790225.92,765775.26,24450.67
PDV049,2025-03-01,790913.29,771629.84,19283.45
PDV049,2025-04-01,837822.54,802959.05,34863.49
PDV049,2025-05-01,803371.24,769042.42,34328.82
PDV049,2025-06-01,848774.57,808052.13,40722.44
PDV049,2025-07-01,882291.02,843826.67,38464.35
PDV049,2025-08-01,890303.06,876084.63,14218.43
PDV049,2025-09-01,739439.26,709764.39,29674.88
PDV049,2025-10-01,869199.48,832124.18,37075.31
PDV049,2025-11-01,1008871.95,970471.29,38400.66
PDV049,2025-12-01,1056902.29,1020065.06,36837.23
PDV050,2024-07-01,603826.85,583527.72,20299.13
PDV050,2024-08-01,612590.48,590520.71,22069.77
PDV050,2024-09-01,660317.1,645261.11,15055.98
PDV050,2024-10-01,709196.15,698226.37,10969.78
PDV050,2024-11-01,678646.4,668695.41,9950.99
PDV050,2024-12-01,775320.18,745840.69,29479.5
PDV050,2025-01-01,568665.88,550281.94,18383.94
PDV050,2025-02-01,623141.88,610068.51,13073.37
PDV050,2025-03-01,604612.41,593911.93,10700.47
PDV050,2025-04-01,651663.16,635775.49,15887.67
PDV050,2025-05-01,698704.82,676061.57,22643.25
PDV050,2025-06-01,710111.44,690250.38,19861.06
PDV050,2025-07-01,710774.68,687474.67,23300.0
PDV050,2025-08-01,673922.76,649046.81,24875.94
PDV050,2025-09-01,677871.57,658716.09,19155.49
PDV050,2025-10-01,779644.44,750465.43,29179.01
PDV050,2025-11-01,703091.53,681655.33,21436.2
PDV050,2025-12-01,879269.84,846180.69,33089.15
PDV051,2024-07-01,339330.76,329044.33,10286.43
PDV051,2024-08-01,315153.78,307189.33,7964.45
PDV051,2024-09-01,346372.32,339095.85,7276.47
PDV051,2024-10-01,327679.16,319322.25,8356.91
PDV051,2024-11-01,361714.42,354294.17,7420.25
PDV051,2024-12-01,394503.29,375203.48,19299.81
PDV051,2025-01-01,289627.47,278483.74,11143.73
PDV051,2025-02-01,290254.23,282862.79,7391.44
PDV051,2025-03-01,340017.81,333864.38,6153.43
PDV051,2025-04-01,320031.11,309272.79,10758.31
PDV051,2025-05-01,321279.78,307238.02,14041.76
PDV051,2025-06-01,327597.65,323157.11,4440.54
PDV051,2025-07-01,334186.83,325734.65,8452.18
PDV051,2025-08-01,335298.87,323938.53,11360.34
PDV051,2025-09-01,333527.54,323729.02,9798.53
PDV051,2025-10-01,400693.94,385136.01,15557.93
PDV051,2025-11-01,351827.8,340808.28,11019.52
PDV051,2025-12-01,394045.33,383823.26,10222.07
PDV052,2024-07-01,245038.11,227641.65,17396.45
PDV052,2024-08-01,244633.3,229791.16,14842.14
PDV052,2024-09-01,216544.84,200637.73,15907.11
PDV052,2024-10-01,224969.59,212221.18,12748.41
PDV052,2024-11-01,254296.57,237291.85,17004.73
PDV052,2024-12-01,268445.58,253462.48,14983.1
PDV052,2025-01-01,186459.19,176856.54,9602.65
PDV052,2025-02-01,173405.13,161203.71,12201.42
PDV052,2025-03-01,206834.75,193057.74,13777.01
PDV052,2025-04-01,203234.66,190883.25,12351.41
PDV052,2025-05-01,224475.93,211099.2,13376.73
PDV052,2025-06-01,234305.89,221139.94,13165.95
PDV052,2025-07-01,231959.65,219453.08,12506.57
PDV052,2025-08-01,207831.39,196409.85,11421.54
PDV052,2025-09-01,217363.14,199922.72,17440.41
PDV052,2025-10-01,232943.63,218925.77,14017.86
PDV052,2025-11-01,232304.75,216851.44,15453.31
PDV052,2025-12-01,269649.93,254457.05,15192.88
PDV053,2024-07-01,710137.42,663503.3,46634.12
PDV053,2024-08-01,758408.12,719034.3,39373.82
PDV053,2024-09-01,717312.2,670371.91,46940.29
PDV053,2024-10-01,763417.18,711318.19,52098.99
PDV053,2024-11-01,844980.31,795641.86,49338.44
PDV053,2024-12-01,932737.3,878673.3,54064.01
PDV053,2025-01-01,655522.21,615025.09,40497.12
PDV053,2025-02-01,675244.43,625519.82,49724.61
PDV053,2025-03-01,701017.44,656686.6,44330.84
PDV053,2025-04-01,807571.4,758330.52,49240.88
PDV053,2025-05-01,716755.98,669508.87,47247.11
PDV053,2025-06-01,722395.68,675890.43,46505.25
PDV053,2025-07-01,800855.79,744586.05,56269.74
PDV053,2025-08-01,807644.31,755055.92,52588.39
PDV053,2025-09-01,715731.17,676346.73,39384.44
PDV053,2025-10-01,865488.39,796843.71,68644.69
PDV053,2025-11-01,939525.73,880836.39,58689.34
PDV053,2025-12-01,961646.44,902241.47,59404.97
PDV054,2024-07-01,558479.43,527271.8,31207.62
PDV054,2024-08-01,536304.28,510252.04,26052.25
PDV054,2024-09-01,525668.12,487778.68,37889.44
PDV054,2024-10-01,534389.73,494720.63,39669.1
PDV054,2024-11-01,505441.95,481160.39,24281.56
PDV054,2024-12-01,603823.52,569912.95,33910.58
PDV054,2025-01-01,493073.85,464083.98,28989.87
PDV054,2025-02-01,487191.68,454638.92,32552.75
PDV054,2025-03-01,538811.18,500311.96,38499.22
PDV054,2025-04-01,521581.06,486196.28,35384.79
PDV054,2025-05-01,507381.87,479185.92,28195.95
PDV054,2025-06-01,545028.96,511233.49,33795.47
PDV054,2025-07-01,568531.82,533789.96,34741.85
PDV054,2025-08-01,462138.58,431695.41,30443.17
PDV054,2025-09-01,574160.18,540807.03,33353.15
PDV054,2025-10-01,551576.78,516622.69,34954.09
PDV054,2025-11-01,688277.44,650790.3,37487.14
PDV054,2025-12-01,711479.42,665500.21,45979.21
PDV055,2024-07-01,552886.95,541434.34,11452.61
PDV055,2024-08-01,575824.18,564490.52,11333.66
PDV055,2024-09-01,528873.72,520196.44,8677.28
PDV055,2024-10-01,579464.22,571052.08,8412.13
PDV055,2024-11-01,620781.31,610537.44,10243.87
PDV055,2024-12-01,671161.73,663041.49,8120.24
PDV055,2025-01-01,471456.93,465787.8,5669.13
PDV055,2025-02-01,553555.07,549746.83,3808.24
PDV055,2025-03-01,499031.7,489279.34,9752.36
PDV055,2025-04-01,581578.54,573120.36,8458.18
PDV055,2025-05-01,596886.98,588741.45,8145.53
PDV055,2025-06-01,551970.87,549211.01,2759.85
PDV055,2025-07-01,634489.72,623835.42,10654.3
PDV055,2025-08-01,572646.14,558937.6,13708.54
PDV055,2025-09-01,608960.68,597076.59,11884.08
PDV055,2025-10-01,590119.95,579329.27,10790.68
PDV055,2025-11-01,681578.18,659086.6,22491.58
PDV055,2025-12-01,698086.97,684951.64,13135.33
PDV056,2024-07-01,1187592.62,1113589.47,74003.15
PDV056,2024-08-01,1126982.31,1078490.54,48491.77
PDV056,2024-09-01,1110179.53,1056892.26,53287.27
PDV056,2024-10-01,1108863.41,1053942.71,54920.7
PDV056,2024-11-01,1285158.56,1223129.49,62029.07
PDV056,2024-12-01,1351732.46,1287036.49,64695.98
PDV056,2025-01-01,1069498.23,1016268.8,53229.43
PDV056,2025-02-01,1115063.77,1051823.46,63240.3
PDV056,2025-03-01,1157164.11,1096332.41,60831.7
PDV056,2025-04-01,1070850.35,1023019.51,47830.84
PDV056,2025-05-01,1238707.73,1164340.94,74366.79
PDV056,2025-06-01,1206773.73,1170807.12,35966.61
PDV056,2025-07-01,1200268.67,1155686.9,44581.77
PDV056,2025-08-01,1200278.33,1135471.56,64806.78
PDV056,2025-09-01,1154284.37,1099655.42,54628.95
PDV056,2025-10-01,1359488.7,1289426.45,70062.25
PDV056,2025-11-01,1354252.65,1298087.31,56165.35
PDV056,2025-12-01,1508612.48,1439920.42,68692.06
PDV057,2024-07-01,449568.98,444905.28,4663.7
PDV057,2024-08-01,430552.97,421092.33,9460.64
PDV057,2024-09-01,414080.9,405197.09,8883.81
PDV057,2024-10-01,449544.23,446083.81,3460.42
PDV057,2024-11-01,473177.5,458759.91,14417.59
PDV057,2024-12-01,543316.84,532694.08,10622.76
PDV057,2025-01-01,385507.33,378398.87,7108.46
PDV057,2025-02-01,391039.2,382418.7,8620.5
PDV057,2025-03-01,419119.19,413723.78,5395.41
PDV057,2025-04-01,431243.8,421976.49,9267.31
PDV057,2025-05-01,413507.73,405351.57,8156.16
PDV057,2025-06-01,404277.08,392383.87,11893.21
PDV057,2025-07-01,427888.91,423143.04,4745.87
PDV057,2025-08-01,421048.89,418943.64,2105.24
PDV057,2025-09-01,414673.94,408170.67,6503.27
PDV057,2025-10-01,417685.67,408294.36,9391.31
PDV057,2025-11-01,492181.27,487873.52,4307.75
PDV057,2025-12-01,500709.57,483792.4,16917.16
PDV058,2024-07-01,607829.47,593380.03,14449.44
PDV058,2024-08-01,662526.37,649605.05,12921.32
PDV058,2024-09-01,597877.01,588993.53,8883.48
PDV058,2024-10-01,577922.57,561873.65,16048.92
PDV058,2024-11-01,696097.46,680949.24,15148.23
PDV058,2024-12-01,695752.32,676575.14,19177.17
PDV058,2025-01-01,505716.95,491955.22,13761.73
PDV058,2025-02-01,512995.87,504951.95,8043.92
PDV058,2025-03-01,572886.49,553018.17,19868.32
PDV058,2025-04-01,606506.4,595935.26,10571.15
PDV058,2025-05-01,545660.63,538851.46,6809.17
PDV058,2025-06-01,638194.19,615976.74,22217.45
PDV058,2025-07-01,549839.89,533318.66,16521.23
PDV058,2025-08-01,566092.5,557209.39,8883.11
PDV058,2025-09-01,527856.13,515760.96,12095.17
PDV058,2025-10-01,539492.71,526480.42,13012.3
PDV058,2025-11-01,624990.55,606123.19,18867.36
PDV058,2025-12-01,690647.91,663704.65,26943.26
PDV059,2024-07-01,735330.82,716407.38,18923.44
PDV059,2024-08-01,606936.92,584171.51,22765.4
PDV059,2024-09-01,631266.09,611490.6,19775.5
PDV059,2024-10-01,648375.41,635642.73,12732.68
PDV059,2024-11-01,748185.89,742264.91,5920.98
PDV059,2024-12-01,862084.13,832274.62,29809.51
PDV059,2025-01-01,561586.69,549367.48,12219.21
PDV059,2025-02-01,605923.19,591644.17,14279.02
PDV059,2025-03-01,640880.85,628345.35,12535.51
PDV059,2025-04-01,653973.04,639922.49,14050.55
PDV059,2025-05-01,687127.74,672574.07,14553.67
PDV059,2025-06-01,649764.28,634638.91,15125.37
PDV059,2025-07-01,743555.17,726953.26,16601.91
PDV059,2025-08-01,602571.6,593843.87,8727.73
PDV059,2025-09-01,625120.96,615223.27,9897.69
PDV059,2025-10-01,693078.28,679978.56,13099.72
PDV059,2025-11-01,754596.64,747082.48,7514.15
PDV059,2025-12-01,911755.4,891077.17,20678.22
PDV060,2024-07-01,521672.17,516786.1,4886.07
PDV060,2024-08-01,523448.27,517225.68,6222.6
PDV060,2024-09-01,477426.99,469660.99,7766.0
PDV060,2024-10-01,552693.04,541632.73,11060.31
PDV060,2024-11-01,536036.87,530878.26,5158.61
PDV060,2024-12-01,735845.91,715198.34,20647.57
PDV060,2025-01-01,449970.52,439270.52,10700.0
PDV060,2025-02-01,443649.29,430829.19,12820.1
PDV060,2025-03-01,553713.25,540354.86,13358.39
PDV060,2025-04-01,518633.45,508408.46,10224.98
PDV060,2025-05-01,507508.36,501240.11,6268.25
PDV060,2025-06-01,560691.71,554261.76,6429.96
PDV060,2025-07-01,541642.82,527944.49,13698.33
PDV060,2025-08-01,552126.12,534316.4,17809.72
PDV060,2025-09-01,519621.47,511277.95,8343.53
PDV060,2025-10-01,612064.36,590942.59,21121.77
PDV060,2025-11-01,682132.83,667978.11,14154.73
PDV060,2025-12-01,875618.55,846806.7,28811.85
PDV061,2024-07-01,1269051.63,1160439.03,108612.6
PDV061,2024-08-01,1116477.22,1044057.89,72419.33
PDV061,2024-09-01,1114742.03,1029164.6,85577.42
PDV061,2024-10-01,1247718.28,1159600.59,88117.69
PDV061,2024-11-01,1245286.37,1139231.88,106054.49
PDV061,2024-12-01,1372710.08,1259609.6,113100.48
PDV061,2025-01-01,969458.9,884510.7,84948.19
PDV061,2025-02-01,968543.14,891820.19,76722.95
PDV061,2025-03-01,962905.01,873336.59,89568.42
PDV061,2025-04-01,1122902.34,1023613.97,99288.37
PDV061,2025-05-01,1129528.64,1042210.07,87318.57
PDV061,2025-06-01,1105987.87,1032284.78,73703.09
PDV061,2025-07-01,1101698.82,1013510.77,88188.05
PDV061,2025-08-01,989483.05,911919.47,77563.58
PDV061,2025-09-01,914231.03,837152.32,77078.71
PDV061,2025-10-01,1007791.77,933425.81,74365.97
PDV061,2025-11-01,1189124.71,1108401.38,80723.33
PDV061,2025-12-01,1214709.04,1109395.94,105313.09
PDV062,2024-07-01,550839.77,543360.35,7479.41
PDV062,2024-08-01,604418.42,591771.31,12647.12
PDV062,2024-09-01,463637.51,448345.71,15291.8
PDV062,2024-10-01,574870.73,570222.7,4648.03
PDV062,2024-11-01,625324.77,620840.52,4484.25
PDV062,2024-12-01,726940.8,717172.65,9768.15
PDV062,2025-01-01,546652.17,535805.43,10846.75
PDV062,2025-02-01,508907.57,505736.58,3170.99
PDV062,2025-03-01,580044.28,574261.01,5783.28
PDV062,2025-04-01,608717.41,599415.92,9301.49
PDV062,2025-05-01,559705.03,556906.5,2798.53
PDV062,2025-06-01,649699.96,644596.29,5103.66
PDV062,2025-07-01,597899.59,581964.07,15935.52
PDV062,2025-08-01,693654.68,680699.0,12955.68
PDV062,2025-09-01,605501.34,596865.24,8636.09
PDV062,2025-10-01,626920.09,620384.44,6535.66
PDV062,2025-11-01,681088.4,675945.92,5142.47
PDV062,2025-12-01,729672.98,718561.77,11111.21
PDV063,2024-07-01,718874.13,685904.64,32969.49
PDV063,2024-08-01,717574.49,673057.77,44516.72
PDV063,2024-09-01,719909.36,690491.62,29417.74
PDV063,2024-10-01,779228.53,746076.02,33152.51
PDV063,2024-11-01,866104.79,830078.12,36026.67
PDV063,2024-12-01,941605.96,896900.89,44705.07
PDV063,2025-01-01,694071.85,664842.24,29229.61
PDV063,2025-02-01,639368.36,611254.44,28113.91
PDV063,2025-03-01,718990.78,681872.28,37118.5
PDV063,2025-04-01,716833.94,687640.97,29192.97
PDV063,2025-05-01,687804.57,659162.57,28642.01
PDV063,2025-06-01,722428.63,684549.56,37879.07
PDV063,2025-07-01,797413.95,757897.75,39516.2
PDV063,2025-08-01,707982.49,673605.91,34376.58
PDV063,2025-09-01,703365.05,661567.86,41797.19
PDV063,2025-10-01,708090.95,668392.51,39698.45
PDV063,2025-11-01,717932.88,692112.65,25820.23
PDV063,2025-12-01,911689.98,860704.88,50985.1
PDV064,2024-07-01,477689.7,461860.47,15829.23
PDV064,2024-08-01,506470.73,489511.31,16959.42
PDV064,2024-09-01,503026.53,482094.26,20932.28
PDV064,2024-10-01,559797.26,542688.07,17109.18
PDV064,2024-11-01,636273.12,614954.95,21318.17
PDV064,2024-12-01,639455.79,623625.69,15830.09
PDV064,2025-01-01,466196.02,458101.85,8094.17
PDV064,2025-02-01,509677.86,495004.33,14673.53
PDV064,2025-03-01,526891.89,512229.55,14662.34
PDV064,2025-04-01,571284.3,558399.62,12884.68
PDV064,2025-05-01,602599.73,586738.36,15861.36
PDV064,2025-06-01,621133.53,604543.73,16589.79
PDV064,2025-07-01,594385.88,577182.16,17203.72
PDV064,2025-08-01,595704.39,579419.55,16284.83
PDV064,2025-09-01,586503.42,563435.82,23067.61
PDV064,2025-10-01,629121.79,608958.93,20162.87
PDV064,2025-11-01,723233.58,701369.39,21864.19
PDV064,2025-12-01,846718.37,814247.77,32470.59
PDV065,2024-07-01,508499.96,477936.23,30563.73
PDV065,2024-08-01,535869.13,497153.35,38715.78
PDV065,2024-09-01,562376.57,523204.12,39172.45
PDV065,2024-10-01,522517.05,483875.64,38641.4
PDV065,2024-11-01,719762.94,669636.88,50126.06
PDV065,2024-12-01,763217.88,729785.51,33432.37
PDV065,2025-01-01,464709.68,434329.55,30380.13
PDV065,2025-02-01,493938.67,463813.97,30124.69
PDV065,2025-03-01,556383.65,520248.97,36134.68
PDV065,2025-04-01,544759.46,508977.15,35782.32
PDV065,2025-05-01,548237.05,515181.35,33055.69
PDV065,2025-06-01,586223.48,546469.1,39754.38
PDV065,2025-07-01,591144.14,556302.23,34841.91
PDV065,2025-08-01,544446.13,509797.52,34648.62
PDV065,2025-09-01,587701.82,545704.17,41997.65
PDV065,2025-10-01,644144.86,601704.01,42440.85
PDV065,2025-11-01,704789.11,661481.2,43307.92
PDV065,2025-12-01,723348.45,687200.85,36147.61
PDV066,2024-07-01,184786.42,179355.84,5430.58
PDV066,2024-08-01,187751.65,181640.22,6111.44
PDV066,2024-09-01,210480.26,202699.65,7780.6
PDV066,2024-10-01,213523.5,207744.17,5779.33
PDV066,2024-11-01,210303.75,202836.77,7466.98
PDV066,2024-12-01,275677.19,267935.69,7741.5
PDV066,2025-01-01,177114.06,170788.6,6325.47
PDV066,2025-02-01,170676.99,163587.27,7089.72
PDV066,2025-03-01,195501.61,190523.39,4978.22
PDV066,2025-04-01,206682.65,201261.91,5420.74
PDV066,2025-05-01,219879.39,213991.23,5888.16
PDV066,2025-06-01,223386.95,214876.1,8510.85
PDV066,2025-07-01,216400.67,206622.76,9777.9
PDV066,2025-08-01,207987.56,200387.61,7599.95
PDV066,2025-09-01,201005.37,194597.65,6407.72
PDV066,2025-10-01,243706.42,238526.34,5180.08
PDV066,2025-11-01,253862.06,244973.39,8888.67
PDV066,2025-12-01,295494.12,284842.79,10651.34
PDV067,2024-07-01,522755.18,496370.63,26384.55
PDV067,2024-08-01,487464.11,465181.29,22282.83
PDV067,2024-09-01,507529.69,481796.93,25732.75
PDV067,2024-10-01,501374.76,477357.43,24017.33
PDV067,2024-11-01,535769.22,511304.21,24465.01
PDV067,2024-12-01,513324.86,489683.92,23640.94
PDV067,2025-01-01,392231.44,373793.21,18438.23
PDV067,2025-02-01,404975.61,386491.49,18484.11
PDV067,2025-03-01,515680.67,490230.4,25450.27
PDV067,2025-04-01,490781.85,468893.94,21887.91
PDV067,2025-05-01,510351.45,484943.32,25408.13
PDV067,2025-06-01,477135.87,457193.08,19942.79
PDV067,2025-07-01,508486.9,485558.11,22928.79
PDV067,2025-08-01,494618.38,465417.41,29200.97
PDV067,2025-09-01,503514.66,483410.95,20103.72
PDV067,2025-10-01,525586.76,506122.57,19464.2
PDV067,2025-11-01,515066.34,485624.52,29441.82
PDV067,2025-12-01,565431.79,535798.2,29633.59
PDV068,2024-07-01,652794.25,607607.37,45186.88
PDV068,2024-08-01,622677.98,586909.87,35768.11
PDV068,2024-09-01,594453.13,549691.1,44762.03
PDV068,2024-10-01,694100.41,640702.23,53398.18
PDV068,2024-11-01,686674.82,642541.64,44133.18
PDV068,2024-12-01,765466.26,699088.83,66377.43
PDV068,2025-01-01,522569.23,482530.94,40038.29
PDV068,2025-02-01,620495.93,572708.43,47787.5
PDV068,2025-03-01,652434.75,596764.09,55670.66
PDV068,2025-04-01,692110.94,639250.57,52860.37
PDV068,2025-05-01,736394.53,678627.78,57766.75
PDV068,2025-06-01,774009.14,698841.02,75168.12
PDV068,2025-07-01,773991.88,712068.18,61923.69
PDV068,2025-08-01,673697.34,623864.02,49833.33
PDV068,2025-09-01,715437.58,654084.15,61353.43
PDV068,2025-10-01,703378.34,642292.75,61085.59
PDV068,2025-11-01,872541.52,807399.9,65141.62
PDV068,2025-12-01,818868.68,748061.5,70807.18
PDV069,2024-07-01,320532.93,300499.27,20033.66
PDV069,2024-08-01,272771.74,256258.65,16513.09
PDV069,2024-09-01,312422.04,290765.16,21656.88
PDV069,2024-10-01,338799.73,317152.98,21646.75
PDV069,2024-11-01,341595.22,315679.59,25915.63
PDV069,2024-12-01,416567.29,389150.73,27416.56
PDV069,2025-01-01,252635.36,237440.48,15194.87
PDV069,2025-02-01,272911.95,255744.95,17167.01
PDV069,2025-03-01,316255.47,292813.91,23441.56
PDV069,2025-04-01,297478.13,276752.72,20725.41
PDV069,2025-05-01,271711.95,254829.39,16882.56
PDV069,2025-06-01,285558.92,267762.74,17796.18
PDV069,2025-07-01,306813.15,288653.1,18160.05
PDV069,2025-08-01,317561.77,296434.02,21127.75
PDV069,2025-09-01,304916.39,289378.53,15537.86
PDV069,2025-10-01,304705.5,284991.5,19714.0
PDV069,2025-11-01,326995.75,305817.11,21178.64
PDV069,2025-12-01,381396.33,351770.19,29626.14
PDV070,2024-07-01,1014987.11,984687.73,30299.38
PDV070,2024-08-01,1117283.03,1074110.19,43172.84
PDV070,2024-09-01,929578.71,898121.06,31457.65
PDV070,2024-10-01,1012034.91,980986.18,31048.73
PDV070,2024-11-01,1077899.39,1052726.35,25173.04
PDV070,2024-12-01,1328976.91,1285803.89,43173.02
PDV070,2025-01-01,807198.9,780327.46,26871.44
PDV070,2025-02-01,1018782.71,988923.75,29858.96
PDV070,2025-03-01,870910.83,833582.67,37328.16
PDV070,2025-04-01,994099.75,945408.53,48691.21
PDV070,2025-05-01,850202.88,815339.64,34863.24
PDV070,2025-06-01,1021931.73,986142.76,35788.97
PDV070,2025-07-01,999606.24,962791.88,36814.36
PDV070,2025-08-01,960652.78,924820.49,35832.29
PDV070,2025-09-01,919796.57,878101.91,41694.66
PDV070,2025-10-01,1077198.69,1029236.24,47962.44
PDV070,2025-11-01,1142756.21,1097240.42,45515.79
PDV070,2025-12-01,1256569.31,1196123.68,60445.64
